t,q1,q2,q3,q4,q5,q6,qd1,qd2,qd3,qd4,qd5,qd6,x,y,z,rx,ry,rz,sp1,sp2,sp3,sp4,sp5,sp6,qt1,qt2,qt3,qt4,qt5,qt6,qdt1,qdt2,qdt3,qdt4,qdt5,qdt6,qddt1,qddt2,qddt3,qddt4,qddt5,qddt6
1487.3919999999998,0.7968112826347351,-1.1739452520953575,0.654414176940918,0.6097820997238159,0.2817225456237793,-0.8936470190631312,0.1438107043504715,0.3779089450836181,-1.093536615371704,3.081599712371826,1.0596691370010376,-3.126516580581665,-0.1343779981982333,-0.6659604040605495,0.5742057745403341,1.3043407229496633,-1.6703077064957712,2.0374734530915126,0.0090162798552648,0.0055467900162753,0.0014425552738393,0.211771253384591,1.1355584346541263,-0.8324898340898433,0.797104616048676,-1.1745540956132825,0.6544488847933996,0.6098363889912579,0.2829208538253538,-0.8962570346238898,0.1461003395163769,0.3740026996054955,-1.0879964453658717,3.076437209605224,1.1064728834253987,-3.14159255027771,1.791586296808447,-4.104898513566116,3.8572394843348334,-4.723972374412743,9.925392824052691,0.0
1487.4,0.7980692386627197,-1.1710928122149866,0.6458659172058105,0.6339880228042603,0.2908133268356323,-0.9188016096698206,0.1587925851345062,0.3437906801700592,-1.0543944835662842,3.033782720565796,1.1371831893920898,-3.1306872367858887,-0.1343546274199232,-0.6659732465552608,0.5742185320991209,1.304799814250212,-1.6702965735891342,2.023141660219708,0.0089236649154148,0.0052924468282101,-0.0011696751589116,0.2205037013143918,1.2021516507563972,-0.8734311838494433,0.7983213123037871,-1.1717402499084972,0.6459856562567474,0.6339729018900713,0.2919972130641893,-0.9210663203822308,0.1623948055244567,0.3380951273165707,-1.0550310355842885,3.035869141860578,1.193575543604352,-3.14159255027771,2.036808251009967,-4.488446536115596,4.1206762226978775,-5.071008468080729,10.88783252236916,0.0
1487.408,0.7993624210357666,-1.168527905141012,0.6374740600585938,0.6581703424453735,0.3003827333450317,-0.9438350836383264,0.1734676659107208,0.3055817484855652,-1.0208258628845217,3.016836881637573,1.2308039665222168,-3.1279067993164062,-0.1343154208496543,-0.6659137359577455,0.5742584689747484,1.30522408859888,-1.6705516318905078,2.0082502061157856,0.0086569686110462,0.0076854689091058,-0.0024887279278226,0.2520448334205911,1.2515594238725274,-0.9293430164874292,0.7996740738124443,-1.1692254079953468,0.6377999466570887,0.6577522853439669,0.3017847142010494,-0.9458496888831568,0.1767218804166132,0.2918766909437236,-0.9958789357325064,2.921866421217355,1.2590183498819334,-3.0677090201451462,1.7908843615195602,-5.7773045466058965,7.394012481472756,-14.25034008040288,8.180350784697671,9.235441266570444
1487.416,0.8008840680122375,-1.1663220564471644,0.6296453475952148,0.6810575723648071,0.3106947839260101,-0.967837158833639,0.1862764060497284,0.2484793215990066,-0.9469902515411376,2.8221890926361084,1.2891430854797363,-2.9987409114837646,-0.1342899687227567,-0.6659352203917127,0.5742732558833057,1.3053552113806637,-1.6709039577185418,1.9929687147792403,0.0058310103580213,0.0057183582229099,0.0031315157794023,0.2305194658560867,1.2968922035562327,-0.9566917884845022,0.8011452854686955,-1.1670825214168552,0.6300882457320421,0.6806123649957336,0.3121000710072826,-0.9700339378751311,0.1912248101039167,0.2438687186329741,-0.9321685225081082,2.793154732042126,1.319908500598124,-2.978247257281293,1.8128662109129432,-6.000996538843686,7.963801653049773,-16.088961146903614,7.611268839523816,11.18272035798168
1487.424,0.8024768233299255,-1.1645243803607386,0.6224994659423828,0.7027820348739624,0.3215457499027252,-0.99156362215151,0.2020124942064285,0.2016162127256393,-0.8743690848350525,2.709561347961426,1.3475302457809448,-2.9186623096466064,-0.1343214246079582,-0.6659699801533047,0.5742376027591152,1.305594509775569,-1.670825013896021,1.9769760043035765,0.0070582410528067,0.0062231268616008,-0.0022571512916375,0.251057140278391,1.3220063246591234,-0.9796612273804048,0.8027360161284631,-1.1653226360819744,0.6228826574628746,0.7024440209156952,0.322904628904576,-0.9935010379492796,0.2066073119070325,0.1961863491422385,-0.8694277238646095,2.6649107138843178,1.3813162040765967,-2.888554162372415,1.92281272538947,-5.960296186341946,7.842599830437336,-16.03050226972602,7.6759629348091,11.211636863609709
1487.432,0.8041902184486389,-1.1631701628314417,0.6158938407897949,0.7243145704269409,0.3324083387851715,-1.0147374312030235,0.2184388637542724,0.1535770446062088,-0.8175095319747925,2.6051788330078125,1.4051024913787842,-2.8218536376953125,-0.1341619737815657,-0.6658617050000805,0.5741842158515974,1.306097588112514,-1.671287696517515,1.961043894758539,0.0107063459441695,0.0090606451158912,-0.001117375992727,0.2723497713793068,1.338279824812734,-1.0017869287201966,0.8044534394905399,-1.1639417713494495,0.616173688077284,0.7232544069618027,0.3342024852722934,-1.0162521687906736,0.2229037625548421,0.1491656494523845,-0.8080771475725936,2.5379636486121924,1.4432325297672894,-2.7993691734864123,2.0370563309762035,-5.877587461231751,7.668822036501988,-15.868383159015677,7.739540711336589,11.148123610750348
1487.4399999999998,0.8060826063156128,-1.1621268431292933,0.6095514297485352,0.7438081502914429,0.344157725572586,-1.0368216673480433,0.236833855509758,0.1062793061137199,-0.7578376531600952,2.451517105102539,1.477223515510559,-2.739018678665161,-0.1341476675709112,-0.6658948275127327,0.5742400835081158,1.306349558271548,-1.670796012276264,1.944363756982428,0.007467388441613,0.0057887494889468,0.0011660961336821,0.2555532928464461,1.3997899606348687,-1.0369073077521265,0.8063050064921864,-1.1629334455753142,0.6099487995166945,0.7430567496102906,0.3459977084373843,-1.0382939964268196,0.2401490833717814,0.103096066200176,-0.7484580560915013,2.413003801659091,1.5056589520139547,-2.711325300062424,2.15566510211742,-5.758697906526056,7.452386435136543,-15.619980869137684,7.80330278083316,11.005484177998516
1487.448,0.808083176612854,-1.16152793565859,0.6036524772644043,0.7624982595443726,0.3565535545349121,-1.0581381956683558,0.2538866102695465,0.0602726638317108,-0.7023075819015503,2.3337841033935547,1.5389902591705322,-2.6621997356414795,-0.1341478184020414,-0.6658960985992104,0.5743323043377859,1.3063086283049183,-1.6704706191152152,1.927215317595223,0.0078821972211464,0.0069657160711076,0.0023395685954365,0.2586834208778032,1.4423261408998045,-1.063242204788073,0.8082979356644729,-1.1622891568369802,0.6041943964233485,0.7618647183003071,0.3582912976029912,-1.0596326263618332,0.2579903145887217,0.0581471319275539,-0.689826056380995,2.2872203710515078,1.5662610811797786,-2.6210783694323565,2.230153902117532,-5.618616784077767,7.328999963813282,-15.722928825947946,7.575266145727983,11.280866328758464
1487.456,0.8102272748947144,-1.1612041632281702,0.5982813835144043,0.7809845209121704,0.3691047728061676,-1.0790236631976526,0.2722560167312622,0.0117988688871264,-0.6426612734794617,2.2307677268981934,1.5929912328720093,-2.5568344593048096,-0.134040380491234,-0.6658270658788703,0.5743104840952787,1.3064322697800892,-1.67076285579847,1.9100136800860903,0.0124089721370542,0.010913604977082,0.0027033359758591,0.2844128465041191,1.446847629394573,-1.0826477128135816,0.8103847837499508,-1.1620013303401675,0.5990203206173127,0.7792676056697918,0.370761613474033,-1.0797764857777654,0.263587165447016,0.0150672190351153,-0.6057014969947783,2.068002779542506,1.5508298427173643,-2.4186372538887038,0.6996063572867819,-5.384989111554828,10.515569923277097,-27.402198938625165,-1.928904807801779,25.305139442956648
1487.464,0.812394917011261,-1.1613600889789026,0.5935578346252441,0.7970603704452515,0.3817758560180664,-1.0984604994403284,0.2654681503772735,-0.0189063139259815,-0.5395522117614746,1.87984561920166,1.54289710521698,-2.2438066005706787,-0.1340110544513907,-0.6657872167836844,0.5744134429262389,1.3065543284271277,-1.6699666628162224,1.8927780719704863,-0.0036921933627695,-0.0006718663277532,0.000490924572338,0.2434613528669988,1.372436230608631,-1.0461613899482318,0.8125131955356614,-1.162029455199284,0.5944735315044534,0.7950196484522832,0.3830972883762081,-1.0983867028454777,0.268382945831703,-0.0210199054520741,-0.5327058563336311,1.87389009147216,1.5326607199621176,-2.237168699996259,0.5994725480858789,-4.510890560898679,9.124455082643395,-24.26408600879329,-2.271140344405842,22.683569236555567
1487.472,0.8145629167556763,-1.1617077032672327,0.5895776748657227,0.8113242387771606,0.3938716650009155,-1.115730110798971,0.2714379131793976,-0.0578566417098045,-0.4678513705730438,1.751398682594299,1.526886224746704,-2.1140172481536865,-0.133968856696767,-0.6657643654676599,0.5744428109332991,1.3065103305660202,-1.6696123990587777,1.8767287194473257,0.0024033263556176,0.004900499955457,-0.0014752318318615,0.2555119280858695,1.338563702791384,-1.0189549843052017,0.8146767946743569,-1.1623216321031586,0.5904717056461897,0.809307656582174,0.3952777167932734,-1.115619712958928,0.2723851781413872,-0.0510964393593321,-0.4692133516397534,1.7014721647344972,1.5120644559274523,-2.0739110692316385,0.5002790387105202,-3.759566738407258,7.936563086734711,-21.5522408422078,-2.5745330043331625,20.407203845577538
1487.48,0.8167073726654053,-1.1624029318438929,0.5860285758972168,0.8243764638900757,0.4060637652873993,-1.1323288122760218,0.2764105498790741,-0.0854682996869087,-0.4171405136585235,1.5958434343338013,1.502821922302246,-1.9518468379974363,-0.1339742832862893,-0.6657063827837969,0.5745404888895124,1.3064950764640448,-1.6687016133881984,1.8605345774137163,0.004904698404014,0.0061074898515523,0.0020173312764686,0.2491095927529542,1.2963301465213777,-0.9904411095326284,0.8168692626244183,-1.1628332148649054,0.5869444354424292,0.822293310263934,0.4072845298522144,-1.1316115236306912,0.2756015307901423,-0.0760005411271613,-0.4138581079794843,1.547857932385919,1.4892957469309025,-1.9265056888698135,0.4020440810943923,-3.11301272097865,6.91940545753364,-19.201779043572287,-2.8460886245687544,18.42567254522809
1487.4879999999998,0.8189472556114197,-1.1632540861712857,0.5828638076782227,0.8364094495773315,0.4180397391319275,-1.1469643751727503,0.2787882387638092,-0.1040166839957237,-0.3718752861022949,1.4507863521575928,1.4790211915969849,-1.819852590560913,-0.133920284347058,-0.6656484063573618,0.5746250343317324,1.3060124054392952,-1.6686710204752702,1.8453461299448013,0.0035688722862532,0.0050839571318341,0.0025747429466101,0.236380788511149,1.269118241259359,-0.9641745265844964,0.8190843471295933,-1.163525771541087,0.5838313668386256,0.8341169400434941,0.4191012309734548,-1.1464806673791337,0.2780409009500701,-0.0964505842188586,-0.3654865136246086,1.4105886377453525,1.464569354467442,-1.7929332095602637,0.3049212699909806,-2.556255386462161,6.046449294359463,-17.158661830070837,-3.090799057932525,16.696559913693758
1487.496,0.8211868405342102,-1.1642125288592735,0.5800580978393555,0.8472906351089478,0.4295251071453094,-1.161168400441305,0.2812553942203522,-0.1198806017637252,-0.3252934217453003,1.326294183731079,1.4542378187179563,-1.6942099332809448,-0.1338307082746863,-0.6655830620114674,0.5747137182310446,1.3060821941211027,-1.667829575118626,1.830477753419149,0.0030391163931413,0.0041969296831158,0.0003331672669319,0.2346682984250775,1.2280192665291725,-0.938683088418184,0.8213158719071421,-1.1643661948388573,0.5810806401456992,0.8449007034209552,0.4307129073162831,-1.1603307047945606,0.279713378751711,-0.1130620089280569,-0.3231233862670046,1.2875692817416868,1.4380675618790075,-1.6714620592910443,0.2090597252051088,-2.076428088649787,5.295390919700493,-15.377419500458178,-3.3127240735542904,15.183893783652396
1487.504,0.8234391212463379,-1.1652796904193323,0.5776362419128418,0.8570324182510376,0.4412617981433868,-1.1741283575641075,0.2797980904579162,-0.1321652382612228,-0.2869438827037811,1.203000545501709,1.428184151649475,-1.576596736907959,-0.1338788859425255,-0.6655894528266395,0.5747563969815362,1.3055708851660788,-1.6673048626948073,1.8158103600622213,-0.0005641308910871,0.0029287287543591,9.587171733994072e-05,0.224226331947162,1.1943046686152088,-0.9169426616092736,0.8235577460458262,-1.1653259396458884,0.5786475809336599,0.8547512567345721,0.4421059947918695,-1.173252345996576,0.28063021072907,-0.1263622445166491,-0.2859431878277148,1.1770107385819757,1.4099461674419649,-1.560604442565663,0.1146039971698723,-1.662529448574021,4.647524804911235,-13.819817894963892,-3.5151743046303583,13.857202090672647
1487.512,0.8256670832633972,-1.1664183775531214,0.5754780769348145,0.8660420179367065,0.4523992538452148,-1.1860225836383265,0.2801688015460968,-0.1414330303668975,-0.2482236623764038,1.0928654670715332,1.391680121421814,-1.4859241247177124,-0.1338547369714527,-0.6655539874134314,0.5748063845279646,1.3051491368090662,-1.6669325453883126,1.80201916227888,-0.0004166494498678,0.0018204291114448,-0.0017661095971573,0.2102845291368061,1.1698531543996733,-0.8819523117166059,0.8258039731060166,-1.1663803721472998,0.5764936028104067,0.8637620019717879,0.4532680861897004,-1.185325247480801,0.2808037616904637,-0.1368036937552773,-0.2532457455826935,1.0773811449039452,1.3803393133737891,-1.4590790445215065,0.0216938701742136,-1.3051811548285277,4.087180280627655,-12.45369920975381,-3.700856758521942,12.690674755519604
1487.52,0.8279305696487427,-1.1675928274737757,0.5736079216003418,0.8742364645004272,0.4634172618389129,-1.1978452841388147,0.2779061794281006,-0.1475178152322769,-0.2217369228601455,1.007609724998474,1.3686225414276123,-1.3807026147842407,-0.1338561163138887,-0.6655561472577947,0.5748140491652439,1.3050685722881474,-1.6659319686067868,1.7881844684193011,-0.0035949088972711,0.0013368720696371,-0.0028962170824308,0.2133515660547068,1.122399763614464,-0.8659028968440435,0.8280486599052451,-1.167508215415463,0.5745852883140016,0.8720149773173039,0.4641877740805898,-1.1966195345095567,0.2802474741080232,-0.1447748928669857,-0.2244359055408809,0.9873652289657135,1.3493633857730338,-1.3657795677649387,-0.0695359478050591,-0.9963998889635506,3.60123000522658,-11.251989492278955,-3.87199095009444,11.662434594570977
1487.528,0.8301708698272705,-1.1687315146075647,0.5719776153564453,0.8814948797225952,0.4743034243583679,-1.2081354300128382,0.2774076461791992,-0.1482208967208862,-0.1968864351511001,0.9171288013458252,1.3372238874435425,-1.2957104444503784,-0.1339504085868698,-0.665623754996337,0.5747739969062321,1.30437922235425,-1.6655721005492523,1.7751108849689647,-0.0057298278211733,-0.0013850318034125,-0.004900613376283,0.2038683084020334,1.0912255168987588,-0.8390049100258268,0.8302860249675852,-1.1686910775681485,0.5728936187584764,0.8795824499440353,0.4748545218391676,-1.2071970922999131,0.2789758246494916,-0.1506100264530626,-0.1990065486577048,0.9058303479928056,1.3171201721481878,-1.279748259939315,-0.1589561823164484,-0.7293916982596127,3.1786696103970056,-10.191860121613509,-4.030401703105757,10.753913478202954
1487.5359999999998,0.8324347734451294,-1.1698702017413538,0.5705270767211914,0.8884891271591187,0.4847941100597381,-1.217947308217184,0.2750683128833771,-0.1465718746185302,-0.1756152361631393,0.8426588177680969,1.2987065315246582,-1.2139301300048828,-0.1339699268657118,-0.6656643447490056,0.5746923315322483,1.3038735895235545,-1.6653947878959785,1.7625681757769396,-0.0065239028831888,-0.0028098704213531,-0.0073671435584943,0.2006777346447536,1.050411509724778,-0.807705757007118,0.8325104066136102,-1.169913050135234,0.5713933282665213,0.8865282602543775,0.4852585574612847,-1.2171126628128626,0.2770042778071434,-0.1545969985516385,-0.1765244452796919,0.8317981444726968,1.2836994244976825,-1.2001536662765164,-0.2464433552935296,-0.4983715123219878,2.810262922251616,-9.25402544001358,-4.177593456313189,9.94932420784983
1487.544,0.8346383571624756,-1.1710570494281214,0.5692195892333984,0.8948718309402466,0.4949496388435364,-1.2276633421527308,0.2737133204936981,-0.1504323929548263,-0.1529506742954254,0.7768893837928772,1.2689616680145264,-1.1373988389968872,-0.1339965037812847,-0.6656881696809666,0.574643148985434,1.3036917622165605,-1.66459143474948,1.75017433864513,-0.0063988072034079,-0.0028504939764329,-0.0081821657751722,0.1985696707583534,1.011887015315332,-0.7844285704535403,0.8347162706683815,-1.1711603658833836,0.5700623611798342,0.8929089586726618,0.4953907859080839,-1.2264147781889356,0.2743492368210092,-0.1569842581404155,-0.1566184844275278,0.7644208837078404,1.2491809452473803,-1.1262719344876209,-0.3318801232667714,-0.2984074485971183,2.4882451065205147,-8.422157595607048,-4.314809906287742,9.235216473611946
1487.552,0.8368663191795349,-1.172291103993551,0.5680932998657227,0.9006665945053101,0.5051410794258118,-1.236206356679098,0.2703513503074646,-0.1522220373153686,-0.134990319609642,0.7062783241271973,1.246575117111206,-1.06022047996521,-0.1340664906444388,-0.6657408713027441,0.5745859144375247,1.3029457723077316,-1.6643698428912244,1.7382939470032024,-0.01026726375534,-0.0043943650207448,-0.0079154864151617,0.190905756131831,0.9783198308023592,-0.7712933399004931,0.8368982177671108,-1.1724211068799368,0.5688814154863784,0.898774769172635,0.5052427165462567,-1.2351465568747644,0.2710279922410191,-0.1579865624162707,-0.1389698790625592,0.7029616789964074,1.2136362891456067,-1.0574710938140242,-0.415155572498764,-0.1252880344819046,2.2060756706210745,-7.682400588929133,-4.4430820127217,8.600105084199589
1487.56,0.8389983773231506,-1.1734417120562952,0.5670976638793945,0.905969262123108,0.5147932767868042,-1.2441390196429651,0.2656982541084289,-0.1549704074859619,-0.1177841573953628,0.649736762046814,1.200387954711914,-1.005308747291565,-0.1341487871605466,-0.6657969890753619,0.5744983427348777,1.3022618798140266,-1.6641942299327634,1.727076208959356,-0.007514588187036,-0.0025607930033398,-0.0061607263029345,0.1784632696584406,0.950889374970416,-0.7344507763788746,0.8390509902413238,-1.173684954965311,0.5678335578459679,0.9041704079030598,0.5148064029195427,-1.2433463842177677,0.2670586685705105,-0.1577898410787642,-0.1233040097692016,0.6467779401201043,1.1771301551582418,-0.9931978181623446,-0.4961654588135772,0.0245901671883097,1.958233661669695,-7.0229673595378905,-4.563266748420613,8.034159456459939
1487.568,0.8411424160003662,-1.1747124830829063,0.5662703514099121,0.9107083082199096,0.5240626931190491,-1.2518203894244593,0.2637679874897003,-0.1550343334674835,-0.1032369062304496,0.5906065702438354,1.168629765510559,-0.9426791667938232,-0.1341527155134645,-0.6658236176281607,0.5744828279450219,1.3018604461482677,-1.663481826344846,1.7162146987934068,-0.0074521305265373,-0.0036565773424562,-0.0052636398042062,0.1677847896956061,0.920101497488444,-0.7107961225984022,0.8411694785721754,-1.1749429780237532,0.5669038982713258,0.9091357804203416,0.524074392616507,-1.2510484957062946,0.2624601694958528,-0.1565553035474718,-0.1093836243170335,0.5953074930212656,1.1397215274104386,-0.9329662616952772,-0.5748123843322128,0.1543171914115543,1.7400481815210145,-6.433805887354829,-4.6760784684753975,7.528944558383432
1487.576,0.8431666493415833,-1.175910774861471,0.5654792785644531,0.9152435064315796,0.5332358479499817,-1.2593219915973108,0.2585652470588684,-0.1544463038444519,-0.0909139290452003,0.5522810220718384,1.125678300857544,-0.8834531307220459,-0.1342600353432181,-0.665853010323215,0.5744287914737839,1.3013732387310737,-1.662832916091916,1.705415876586873,-0.0050333702057464,-0.0017797418540345,-0.0049222991286256,0.1671586136529547,0.8765343656270853,-0.6798567368412833,0.8432487274017152,-1.1761874464950175,0.5660793145859532,0.9137065770122932,0.5330396854228464,-1.2582834780182337,0.2572521222331599,-0.1544229106199131,-0.0970031583694184,0.548056913866695,1.1014646124023593,-0.876348623172228,-0.6510059078366076,0.2665491159448419,1.547558243451888,-5.9063223943213305,-4.782114376009922,7.077204815381155
1487.5839999999998,0.8451552987098694,-1.1771214644061487,0.564795970916748,0.9194425344467164,0.5421217679977417,-1.266045872365133,0.2536820769309997,-0.1521069854497909,-0.0821191072463989,0.5083228945732117,1.0805217027664185,-0.8286612629890442,-0.1343555415396395,-0.6658710490074571,0.5743835851451817,1.300669591257205,-1.662510742544509,1.6952208422431236,-0.0026520815014917,-0.0010606947256436,-0.0031876572989577,0.1578887053468032,0.8407848439380485,-0.6464586167108641,0.845283941097135,-1.1774116754659012,0.5653482184907651,0.917914782271874,0.5416956982854799,-1.265078700528985,0.2514548215209811,-0.1515143135161173,-0.0859839832514248,0.5045917005475071,1.0624096103931515,-0.8229671530922859,-0.7246625890223596,0.3635746379744703,1.377396889749194,-5.433151664898481,-4.881875251150941,6.672683759992761
1487.592,0.8471431732177734,-1.178380314503805,0.5641369819641113,0.9232336282730104,0.5504328608512878,-1.2722318808185022,0.247367188334465,-0.1504323929548263,-0.0718286484479904,0.4638614356517792,1.038792610168457,-0.775930643081665,-0.1343336493844549,-0.6658528682813462,0.5744327714976121,1.3001533569780146,-1.661928607119107,1.6857460553594887,-0.0019628364741087,-0.0006980617157402,-0.0016521651575215,0.1473924090640392,0.8066570272566318,-0.618255603838955,0.8472704888674178,-1.178609888437511,0.5647003564840125,0.9217891123374612,0.5500362358883589,-1.2714586878419434,0.2450891738078899,-0.147935346952883,-0.0761704207285827,0.464527970919971,1.022603351498982,-0.7724873662053314,-0.7957059641363895,0.4473708204042886,1.2266953153552695,-5.007966203442016,-4.975782361771208,6.309973360869303
1487.6,0.8490003347396851,-1.1796029249774378,0.5636205673217773,0.9267491102218628,0.5585281848907471,-1.27814227739443,0.2388536036014557,-0.1504323929548263,-0.0625864192843437,0.4238101541996002,1.0038466453552246,-0.7309898138046265,-0.1343930227634361,-0.665835119026253,0.574439345542957,1.299543753469652,-1.6614425154082093,1.6765048623937395,-0.0034178818936305,0.0003373359115723,0.0005353101966813,0.1363052280935839,0.7797670136945171,-0.5979030515388808,0.8492039094358699,-1.1797770994991543,0.5641266400421155,0.9253553909567896,0.5580554658597554,-1.2774454421721195,0.238176642123834,-0.1437781487698837,-0.0674263931197712,0.4275254318262269,0.982089821162132,-0.7246122624429218,-0.8640664605069903,0.5196497728749139,1.093003451101429,-4.625317386718009,-5.064191292106251,5.984387970301208
1487.608,0.8508684039115906,-1.180765453969137,0.5631651878356934,0.93000066280365,0.5663838386535645,-1.283717457448141,0.2321040779352188,-0.1468914449214935,-0.055709071457386,0.388408750295639,0.958761990070343,-0.6863844990730286,-0.1344347163951066,-0.6658388466139054,0.574425352405304,1.298966517549214,-1.6609878779488358,1.667631204619352,-0.0016998588332445,0.0009171389105839,0.0019954508777181,0.1266082999261776,0.746514956585558,-0.5665229298952505,0.851079915276029,-1.1809090111710514,0.5636190004264174,0.928636873669516,0.5657478978089188,-1.2830587229763042,0.2307391921276139,-0.1391229667102614,-0.0596326003678144,0.3932814078585422,0.9409105950224576,-0.679077392864712,-0.9296812495275184,0.5818977574527789,0.9742240939945996,-4.280502995960584,-5.1474032674593,5.691858697276217
1487.616,0.8526648879051208,-1.1819279829608362,0.5627579689025879,0.9328678846359252,0.5738687515258789,-1.289292637501852,0.2246642708778381,-0.1378281712532043,-0.0502123050391674,0.3575853109359741,0.9122632145881652,-0.6397658586502075,-0.1344711715742457,-0.6658356004397233,0.5744549637609184,1.298647277626653,-1.660007681201816,1.6589800025301316,-0.0013143483831386,-6.729941215489727e-05,0.0005378053989172,0.1228512798284581,0.704703044000704,-0.5354006236689834,0.8528943964221278,-1.182001925621254,0.5631702642682869,0.931654527867616,0.5731083655346957,-1.2883162900305658,0.2227992397680184,-0.1340397028618488,-0.0526841349302322,0.3615257557297614,0.8991051994839533,-0.6356466349802394,-0.9924940449494296,0.6354079810515778,0.8685581796977759,-3.969456516097605,-5.225674442313047,5.428844735559074
1487.624,0.8544378280639648,-1.1829827467547815,0.5623741149902344,0.9355672597885132,0.580862283706665,-1.2942341009723108,0.2180042415857315,-0.1338014751672744,-0.0444470942020416,0.3298777937889099,0.8703423738479614,-0.5940819978713989,-0.1344532867468917,-0.6658419210000126,0.5744610165795679,1.2983047836033754,-1.659356193199916,1.6510943914746867,0.0003643732879076,0.0003964365088579,0.0013570495188548,0.1176681374610745,0.665556674272857,-0.508079806497002,0.8546434238686418,-1.1830526673315198,0.5627740467331139,0.9344272752245596,0.5801320118666964,-1.2932341151653048,0.2143796009570779,-0.1285892378475848,-0.0464884610838584,0.3320165203223437,0.856711411287439,-0.5941085647100472,-1.0524548513675716,0.6813081267829992,0.7744592307967341,-3.6886544259272096,-5.299223524564287,5.192258783774023
1487.6319999999998,0.8561744093894958,-1.1840136686908167,0.5620265007019043,0.9379671812057496,0.587532639503479,-1.2986844221698206,0.211574301123619,-0.1270263940095901,-0.0383239537477493,0.2970170378684997,0.8294761776924133,-0.5556126832962036,-0.1344172272336828,-0.6658530480781532,0.5744910936401502,1.2978934845362442,-1.6587457077099654,1.6437142633527442,0.0006178224035084,-0.0010355371143903,0.0009991311567996,0.1083368319187823,0.6343644346041699,-0.4806685416808754,0.8563232525764534,-1.1840585155947192,0.5624246595977462,0.9369722019350828,0.586814275696113,-1.2978265670441802,0.2055034436064987,-0.1228245698395161,-0.0409636981233395,0.3045362132410681,0.8137655069950216,-0.5542733311415446,-1.1095196688223932,0.7205835010085926,0.6905953700648559,-3.4350383851594475,-5.368238036552175,4.979404196062825
1487.64,0.857839822769165,-1.1850321928607386,0.5617508888244629,0.9401503801345824,0.5939512848854065,-1.3027761618243616,0.2007341682910919,-0.1215168461203575,-0.0330828540027141,0.2786571979522705,0.7837443947792053,-0.5190368294715881,-0.1343951215054505,-0.6658602273524095,0.5745231674164829,1.2973963854380643,-1.6582237753263689,1.6366961957549837,0.0009461063227778,0.0002528212370462,0.000543998269205,0.1063082854224406,0.5954059605430868,-0.4530682597120945,0.8579303241058247,-1.1850171454827685,0.5621170320163026,0.9393047413378356,0.5931508808325353,-1.3021065726867675,0.1961942423360946,-0.1167917976251014,-0.036037157505686,0.2788886149823848,0.7703024713536519,-0.5159699558083455,-1.16365015880052,0.7540965268018375,0.6158175772066898,-3.205949782335418,-5.432879455171208,4.787921916649895
1487.648,0.8594205975532532,-1.1858952681170862,0.5615348815917969,0.942142128944397,0.6000587940216064,-1.3067238966571253,0.1936523020267486,-0.1150485649704933,-0.0274582561105489,0.2560309767723083,0.7435732483863831,-0.4837073087692261,-0.134422855129796,-0.6659084468542784,0.5744795990292171,1.2969689800791206,-1.657754950674896,1.6299821554086564,0.0017190527968268,-0.0003368565039983,-0.0005086026821291,0.1024017802751374,0.5606416595230952,-0.4269549311316643,0.8594612688985077,-1.1859265761381534,0.5618466421134543,0.941438832770783,0.599137826388187,-1.3060857588617465,0.1864757360922544,-0.1105309721475254,-0.0316440925862376,0.2548960184650571,0.7263561719060425,-0.4790439910834386,-1.2148132804800162,0.7826031846969971,0.5491331149310441,-2.999074564665964,-5.4932874309511766,4.615745590613354
1487.656,0.8609299063682556,-1.186793629323141,0.5613431930541992,0.9440978765487672,0.6056872606277466,-1.3103850523578089,0.1819173395633697,-0.1081200838088989,-0.0257197450846433,0.2271490097045898,0.6979133486747742,-0.4496960639953613,-0.1343725235106309,-0.6659021497061991,0.574482514036863,1.2966578958811272,-1.6573089551535047,1.6238044941128542,0.0003528077255738,-0.0007262922948871,0.0009808783907739,0.089168525373163,0.5318597502338046,-0.4002541846755248,0.8609129082331956,-1.1867851254208688,0.5616094578457332,0.9433870599076128,0.604771378444789,-1.3097745759978343,0.1763718888891168,-0.104076836924436,-0.0277266266827378,0.2323968453227479,0.6819595059531538,-0.4433554828714462,-1.262980900392202,0.8067669028861759,0.489683237937473,-2.8123966427886438,-5.549583244111089,4.461063526499047
1487.664,0.8624027967453003,-1.1875970999347132,0.5611391067504883,0.9457296133041382,0.6108962297439575,-1.3138182798968714,0.1700929105281829,-0.099721536040306,-0.0214118156582117,0.2079023420810699,0.6456381678581238,-0.4129045009613037,-0.1343001010385932,-0.66592699259711,0.5745001412248076,1.2964941443597136,-1.6566198861807673,1.6180784003054682,0.0008928023287218,-0.0006288848031982,-0.0001114592282218,0.0852004512913886,0.4896433094218937,-0.3682149798631634,0.8622822558798647,-1.187591370092168,0.561401885821629,0.9451607713210294,0.6100480628025868,-1.3131824068574227,0.1659068538109759,-0.0974594744384653,-0.0242328309900002,0.2112435775962091,0.6371445248945681,-0.4087771915661575,-1.3081293847676152,0.827170310746337,0.4367244615922083,-2.6441584658173576,-5.601872632323215,4.322286413161097
1487.672,0.8637566566467285,-1.188376251851217,0.5609951019287109,0.9473971128463744,0.6157461404800415,-1.3169406096087857,0.1578210592269897,-0.0928441882133483,-0.0175129473209381,0.189518541097641,0.609685480594635,-0.3787015080451965,-0.1342254282273446,-0.6659180045551247,0.5744971334563255,1.2962835101302783,-1.6562399036257678,1.6127906293966574,-0.0023795050335584,-0.0009064209629596,-0.0013451403198313,0.0827186728480186,0.4543727432781362,-0.3517738883676961,0.8635665194794835,-1.1883441108419692,0.5612207269794557,0.946770185598076,0.6149646586477185,-1.3163176618795411,0.1551049403658791,-0.0907048728549984,-0.0211159286114164,0.1913009567057841,0.5919425401064409,-0.3751930324937502,-1.3502391806370917,0.8443251979333676,0.389612797322976,-2.492827611303122,-5.6502480985159,4.198019884050913
1487.6799999999998,0.8649543523788452,-1.189071003590719,0.560875415802002,0.948764443397522,0.6204285621643066,-1.3199074904071253,0.147262156009674,-0.0831801071763038,-0.0163624621927738,0.173076182603836,0.567836582660675,-0.3457449078559875,-0.1342684453697446,-0.6659376234113538,0.574479718047997,1.2959512172573988,-1.6557664716428655,1.607626884657019,-0.0035249011559792,-0.0018398517361607,-0.0028206461012663,0.079937290542835,0.4173578141917599,-0.3280069422007538,0.8647631016761856,-1.18904234157237,0.5610631381958903,0.9482244829790468,0.6195181930045204,-1.319187862813255,0.1439905852470256,-0.0838354251679339,-0.0183336048510937,0.1724444091932311,0.5463842138143005,-0.3424967030635285,-1.389294389856688,0.8586809608830611,0.3477904700403336,-2.3570684390691183,-5.694790786517551,4.087041178777708
1487.688,0.8661040663719177,-1.1897061506854456,0.5607552528381348,0.950060248374939,0.6246200799942017,-1.3226831595050257,0.1337119936943054,-0.0781563222408294,-0.0130260540172457,0.1562503278255462,0.5122537016868591,-0.3128122389316559,-0.1342449871469482,-0.6659478581423698,0.5744688784354194,1.295815662008591,-1.655256040211974,1.6029798145872152,-0.0018414061819837,-0.0002290802541246,-0.0014983475137877,0.0718644560242065,0.3787233327077417,-0.2943580057112873,0.8658696010290997,-1.189685222438479,0.5609265990433308,0.9495318851936242,0.6237059358644035,-1.3217997160210535,0.1325883264836821,-0.0768703709595922,-0.0158474071669967,0.1545586650435608,0.5004996377974925,-0.310590468848245,-1.4252823454179442,0.8706317760427059,0.310774710512128,-2.235718018708796,-5.735572002100994,3.988279276910436
1487.696,0.8671223521232605,-1.19029409090151,0.5606474876403809,0.9511886835098268,0.6285119652748108,-1.3250158468829554,0.1204047128558158,-0.0710872262716293,-0.0111852772533893,0.1345349103212356,0.4667136669158935,-0.2841220200061798,-0.1342644153176087,-0.665956006558457,0.5744647747395817,1.2954924012459192,-1.65494117423432,1.5987675885340482,-0.0035106311804275,-0.0005265019320061,-0.0008202962765015,0.0611487021311731,0.3491789388900893,-0.2693295526545914,0.8668838127308208,-1.1902720562232147,0.5608088830365787,0.95069972491563,0.6275253959037206,-1.3241591766265204,0.1209227809377076,-0.0698261894502644,-0.0136222207560994,0.1375365395689343,0.4543184022865142,-0.2793840849432704,-1.4581931932468108,0.880522688665973,0.2781483013621563,-2.127765684328313,-5.772654438872288,3.900797988121832
1487.704,0.8680328130722046,-1.190869156514303,0.560539722442627,0.9522563219070436,0.6320207118988037,-1.32707387605776,0.1080689504742622,-0.0640820488333702,-0.0118372188881039,0.1208249628543853,0.41896852850914,-0.2494396716356277,-0.1342685138887518,-0.6659365491322359,0.5744863049554227,1.29516952228987,-1.6546939898013953,1.5949880436991002,-0.0030568090386216,9.973796158562442e-05,0.0001862224794763,0.0554345700373764,0.3097651151364447,-0.2425291639549263,0.8678037291589193,-1.1908022676865275,0.5607080328122891,0.9517345060435172,0.6309743167201614,-1.326271504505634,0.1090186250470869,-0.062716951191708,-0.0116258079609525,0.1212778541590848,0.407869656991371,-0.2487938323976369,-1.4880194863275895,0.8886547823195555,0.2495515993933689,-2.0323356762311784,-5.8060931618929,3.823781568204183
1487.712,0.8688469529151917,-1.1913369337665003,0.5604796409606934,0.9530960321426392,0.6350744366645813,-1.3288806120501917,0.0973694324493408,-0.059492889791727,-0.0081045320257544,0.1074265986680984,0.3711035251617431,-0.2218759506940841,-0.1342784478070822,-0.6659442426490906,0.574481533676724,1.29492469879435,-1.654428891469354,1.5916980286451357,-0.0009265681715799,0.0010201417917093,0.000692008755423,0.0493869660058666,0.2754788042688891,-0.212758364899733,0.8686275402859729,-1.1912753855841007,0.5606223387719436,0.9526419558307752,0.6340506735313506,-1.328141312971093,0.096900578684873,-0.0555546347138718,-0.0098284014440225,0.1056884747502437,0.3611821658619328,-0.2187416523617593,-1.5147557952767312,0.8952895597295271,0.22467581461625,-1.9486724261051391,-5.835936391179769,3.7565225044847024
1487.72,0.8695417046546936,-1.1918161551104944,0.560431957244873,0.9539238214492798,0.6377925872802734,-1.3305071035968226,0.0843433812260627,-0.0500844754278659,-0.005420065484941,0.0893304124474525,0.3299257159233093,-0.191459983587265,-0.1342811540888371,-0.6659137053369795,0.5745023522071057,1.2946902426043978,-1.654214937820166,1.5887416761843849,-0.0038943535977367,-0.0004136075297395,-0.0010970138192644,0.0445343462282142,0.2406282291556352,-0.1922571194433233,0.8693536339722967,-1.1916910270973364,0.5605503207933092,0.9534270697334752,0.6367526702908416,-1.3297726108700942,0.0845933919474413,-0.0483494135386871,-0.0082023425672591,0.0906794498215546,0.3142843568777197,-0.189154362976141,-1.5383983421789655,0.9006526468980786,0.2032573595954212,-1.8761281160861452,-5.862226123026643,3.6984111732022775
1487.7279999999998,0.8701764941215515,-1.1921637693988243,0.5603957176208496,0.9545477628707886,0.640055775642395,-1.33181077638735,0.0721354484558105,-0.045201301574707,-0.0054839812219142,0.0754526853561401,0.2819888293743133,-0.1662451773881912,-0.1342683622270676,-0.66592086385348,0.574495451959811,1.2945229892411587,-1.6540472138526994,1.586340330961142,-0.0026194895350867,0.0006345546044644,0.0009685740033222,0.0345044533751401,0.2109479113469878,-0.1636356873375577,0.8699805961640983,-1.1920488844568051,0.5604907126789781,0.9540941497065724,0.6390787371862602,-1.331168838704155,0.0721218346790294,-0.0411099182600821,-0.0067217576055372,0.0761662321419775,0.2672043679503704,-0.1599629459751146,-1.5589446585514872,0.9049369098256352,0.1850731202152414,-1.814152209947132,-5.884998615918666,3.6489271251283
1487.736,0.8707277178764343,-1.1924994627581995,0.5603718757629395,0.9550997018814088,0.6419841051101685,-1.3329475561725062,0.0609757378697395,-0.0376208797097206,-0.005586246959865,0.0607600212097168,0.2310079336166381,-0.138633519411087,-0.1342370651310899,-0.6659110495866704,0.5745075163798345,1.2944087517493772,-1.6538626706003785,1.5842830597057624,-0.0007667729545632,0.0005504983582098,0.0017532479263931,0.0257448927260692,0.1769877770933177,-0.1315977364771879,0.8705072110178924,-1.1923487135764077,0.5604424490653754,0.9546468365627516,0.6410275284919864,-1.3323328992822248,0.0595106884749926,-0.0338434777838945,-0.0053622654237418,0.062067970508736,0.2199700897905826,-0.1311018916200628,-1.576393275504604,0.90830505952344,0.1699365227244217,-1.7622827041551912,-5.904284769973473,3.607631794381477
1487.744,0.8711108565330505,-1.1927512327777308,0.5603480339050293,0.9554954767227172,0.6435409188270569,-1.3338688055621546,0.0483203940093517,-0.0289283208549022,-0.0032724924385547,0.0436705164611339,0.1916757076978683,-0.1000922471284866,-0.134263402451027,-0.6659064182771999,0.574513902519188,1.2942564458871382,-1.6536945266827097,1.582580512093253,-0.0035689841585706,-0.0008438719209543,0.0003225465795397,0.022794152292718,0.1347130443573573,-0.114268499292749,0.8709324609700361,-1.1925903245463312,0.5604046545633778,0.9550881369041844,0.6425979207550814,-1.3332671833326089,0.0467847409084892,-0.0265563433463408,-0.0041007110356332,0.0483068593381305,0.172609206454164,-0.1025085918926603,-1.5907434458129217,0.9108918046942224,0.1576942985135748,-1.7201388963256885,-5.920110417052319,3.574162465925313
1487.752,0.8714943528175354,-1.1929190794574185,0.5603837966918945,0.9558075666427612,0.64475017786026,-1.3345983664142054,0.0356650538742542,-0.0193920750170946,-0.001930259168148,0.0252627469599246,0.1380582749843597,-0.0833383053541183,-0.134238121396439,-0.6659274690404187,0.5744779152774503,1.2942358162869263,-1.6536166741913667,1.5813074609937308,-0.0030403417052397,-0.0019242644044315,-5.442086243505629e-05,0.0104039224648203,0.110523875877158,-0.0791948566938445,0.8712555267679756,-1.1927735738599896,0.5603766349433505,0.9554204450460968,0.6437890112982007,-1.333973590423251,0.0339687816819235,-0.0192538985054401,-0.0029149201565761,0.0348075353200139,0.1251492341279033,-0.0741227729731749,-1.6019949033207088,0.912805605112586,0.148223859882144,-1.6874155022645714,-5.932496540782588,3.548227364935678
1487.76,0.8717093467712402,-1.1930506865130823,0.5603480339050293,0.9559751749038696,0.6455048322677612,-1.3351133505450647,0.0206448249518871,-0.013294500298798,-0.0,0.0177366528660058,0.0973358750343322,-0.0414414517581462,-0.1342293110035773,-0.6659261781603488,0.5745003388940919,1.2942354018155002,-1.653395437057072,1.5804538275292446,-0.0053481947733215,-0.0009780847149195,-0.000850447608315,0.012877787746556,0.0604169886007921,-0.0636899542496926,0.8714757874773745,-1.1928983582746255,0.5603578702147354,0.9556455602690171,0.6446001170273157,-1.3344535454717033,0.0210876003917109,-0.0119408580222865,-0.0017834703252754,0.0214965113886687,0.0776175586136224,-0.0458859588939655,-1.6101476612765744,0.9141300603941932,0.1414312289125842,-1.66387799141815,-5.941459439285117,3.529601759901168
1487.768,0.8718051910400391,-1.1930745283709925,0.5603718757629395,0.9560595750808716,0.6459834575653076,-1.3353522459613243,0.0083729783073067,-0.0053817159496247,-0.0,0.0143810706213116,0.0224584378302097,-0.0159150511026382,-0.1342739513852783,-0.6659475604325645,0.5744612584717622,1.294139152018896,-1.6534465539185788,1.579947617278923,0.0028195919902734,0.0012695912244663,-8.491188140602002e-05,0.0075340759340157,0.0148570554046984,-0.0098943127997565,0.8715928204766936,-1.1929646102273868,0.5603480094837331,0.95576469966217,0.6450307735353359,-1.334708011064082,0.008165985572493,-0.00462145827312,-0.0006854746185554,0.008301639110936,0.0300414718770564,-0.0177409589424984,-1.61520185240224,0.9149249686458208,0.1372494633399947,-1.64935903471658,-5.947010842070749,3.518124993933386
1487.7759999999998,0.8719010949134827,-1.1930630842791956,0.5603957176208496,0.9560235738754272,0.6459954380989075,-1.335412327443258,0.0053817159496247,-0.0025949841365218,-0.0,0.0051771854050457,-0.0278513394296169,-0.0058243335224688,-0.1342213394539058,-0.6659708514158587,0.5744475798318992,1.2942665164352791,-1.653358763581056,1.5799577388604855,0.011966385638219,0.0022527819616395,0.0027949366222051,-0.0050576554160572,-0.0029634169000123,0.0328976490475144,0.8716134398339156,-1.1929762783948998,0.560346278627825,0.9557856577835014,0.6451066257675699,-1.3347527947105675,1.4841021777623e-06,-6.545666919334746e-07,-4.883386980910204e-07,1.907838071643001e-06,5.4611765338948605e-06,-5.120513919984542e-07,-1.0205626837894122,0.5776004633035093,0.0856232849821722,-1.037466409108056,-3.754501337565317,2.217555861388312
1487.784,0.8717812299728394,-1.1930630842791956,0.5603957176208496,0.9559513330459596,0.645923912525177,-1.3352926413165491,-0.0048703891225159,-0.0025949841365218,0.0003579288604669,-0.0478410273790359,-0.0089881690219044,0.0370312556624412,-0.1342894456171094,-0.6659588907953302,0.5744613316222934,1.2941197377799971,-1.6533998064432012,1.5800156258090383,-0.0044894240857611,-0.0031388113297795,0.0078985011830183,-0.0311242517317351,-0.0052090897616489,-0.0033502741681308,0.8716134398339156,-1.1929762783948998,0.560346278627825,0.9557856577835014,0.6451066257675699,-1.3347527947105675,0.0,0.0,0.0,0.0,0.0,0.0,-0.0001855127722202,8.182083649168432e-05,6.104233726137755e-05,-0.0002384797589553,-0.0006826470667368,6.400642399980676e-05
1487.792,0.8717692494392395,-1.193014923726217,0.5603957176208496,0.955579400062561,0.6458040475845337,-1.3353522459613243,-0.0047042076475918,-0.0018791265320032,0.0003579288604669,-0.021595574915409,-0.009755159728229,-0.0030439931433647,-0.1343154459316194,-0.6660093442112006,0.5744865925033297,1.294230437962292,-1.6529269230473362,1.5800535997874892,-0.0020319584457619,-0.0005332743690081,0.0042868544483677,-0.0204229426856836,0.0153514697783377,0.0052262926271985,0.8716134398339156,-1.1929762783948998,0.560346278627825,0.9557856577835014,0.6451066257675699,-1.3347527947105675,0.0,0.0,0.0,0.0,0.0,0.0,0.0,0.0,0.0,0.0,0.0,0.0
1487.8,0.8717572689056396,-1.1929667631732386,0.5604076385498047,0.955579400062561,0.6458399891853333,-1.3352087179767054,-0.0023521038237959,-0.0013422332704067,0.0003579288604669,-0.0058722705580294,-0.0080773681402206,0.0337715484201908,-0.1343482718957693,-0.6660283040259313,0.5744501954850224,1.2941020054709986,-1.6531446153496072,1.5801033793200077,0.0003605974475407,0.0005722098369473,0.0019139160884066,0.001385365329465,-0.0296557664915726,-0.0012308741530412,0.8716134398339156,-1.1929762783948998,0.560346278627825,0.9557856577835014,0.6451066257675699,-1.3347527947105675,0.0,0.0,0.0,0.0,0.0,0.0,0.0,0.0,0.0,0.0,0.0,0.0
1487.808,0.8717213273048401,-1.1929190794574185,0.5604677200317383,0.9555555582046508,0.6457441449165344,-1.3351367155658167,-0.0015595471486449,0.0011121360585093,0.0003579288604669,-0.0034035199787467,-0.0173771269619464,0.0159869566559791,-0.134368228239806,-0.6660428891373551,0.5744047617114986,1.294089765558555,-1.6532785382078148,1.580218229915845,0.0027211702461807,0.0003068271346459,0.0007749555051243,-0.0010693254572949,-0.0182089409064233,0.0118278330908564,0.8716134398339156,-1.1929762783948998,0.560346278627825,0.9557856577835014,0.6451066257675699,-1.3347527947105675,0.0,0.0,0.0,0.0,0.0,0.0,0.0,0.0,0.0,0.0,0.0,0.0
1487.816,0.8716498017311096,-1.192895237599508,0.5604557991027832,0.9555555582046508,0.6457321643829346,-1.3349931875811976,-0.0014828480780124,0.0011121360585093,0.0003579288604669,-0.0023968450259417,-0.0102824652567505,0.0249751266092062,-0.1344195350356015,-0.6660406897802809,0.5743965937168595,1.2939347321682195,-1.6534440404700206,1.580272031462416,0.0010528214760559,3.660285054691923e-05,0.000170709738482,0.0033300201482223,-0.0256530105416533,0.0034260565701443,0.8716134398339156,-1.1929762783948998,0.560346278627825,0.9557856577835014,0.6451066257675699,-1.3347527947105675,0.0,0.0,0.0,0.0,0.0,0.0,0.0,0.0,0.0,0.0,0.0,0.0
1487.8239999999998,0.8716378211975098,-1.1928232351886194,0.5604557991027832,0.9555555582046508,0.6456722021102905,-1.3348258177386685,-0.0046019423753023,0.0030935280956327,0.0010354371042922,-0.0018455707468092,-0.0418009795248508,0.0214517638087272,-0.1344346121643316,-0.6660626880174305,0.5743577052201277,1.293860542908995,-1.6536554747970216,1.5804230003588124,0.0064122485498542,0.0013743867523651,0.000756739079086,-0.0014249908940593,-0.0321061059345053,0.0308775988257805,0.8716134398339156,-1.1929762783948998,0.560346278627825,0.9557856577835014,0.6451066257675699,-1.3347527947105675,0.0,0.0,0.0,0.0,0.0,0.0,0.0,0.0,0.0,0.0,0.0,0.0
1487.832,0.8716733455657959,-1.1928470770465296,0.5604557991027832,0.9555433988571168,0.6455763578414917,-1.3348496595965784,-0.0026844665408134,0.0026844665408134,0.0010354371042922,-0.0014860439114272,-0.0092518217861652,-0.0183598324656486,-0.1343801766524427,-0.6660549438161218,0.574379913071575,1.293980849222129,-1.6535373451878337,1.5805126903813485,-0.0004567047329431,-0.000386232013063,-0.0012469486543553,-0.004651781891069,0.0137307764625802,0.0096643983921399,0.8716134398339156,-1.1929762783948998,0.560346278627825,0.9557856577835014,0.6451066257675699,-1.3347527947105675,0.0,0.0,0.0,0.0,0.0,0.0,0.0,0.0,0.0,0.0,0.0,0.0
1487.84,0.871661365032196,-1.1928351561175743,0.5604557991027832,0.955579400062561,0.6455527544021606,-1.3348496595965784,-0.0016490294365212,0.0017129452899098,0.0010354371042922,-0.0012703278334811,-0.004194478970021,-0.006950850598514,-0.1343825867112603,-0.6660526188455668,0.5743699631328119,1.2939859326227858,-1.6535870996703763,1.5805311881681428,-0.0007358244958093,-0.0004046094213852,-0.0010363739250502,-0.0014170315761259,0.0046211040420345,0.0036854189520161,0.8716134398339156,-1.1929762783948998,0.560346278627825,0.9557856577835014,0.6451066257675699,-1.3347527947105675,0.0,0.0,0.0,0.0,0.0,0.0,0.0,0.0,0.0,0.0,0.0,0.0
1487.848,0.8716498017311096,-1.1929310003863731,0.560420036315918,0.9555555582046508,0.6454329490661621,-1.3347895781146448,-0.0016490294365212,0.0012527509825304,0.0010354371042922,-0.0010785802733153,-0.0136859854683279,0.006591323763132,-0.1343299801862405,-0.666009387351625,0.5744538974237734,1.2940214293967818,-1.6534152826065969,1.580652957157085,0.0018465611076738,0.0002816289781355,-0.0001431459804975,-0.000216065917044,-0.0103970807491463,0.0100543165505182,0.8716134398339156,-1.1929762783948998,0.560346278627825,0.9557856577835014,0.6451066257675699,-1.3347527947105675,0.0,0.0,0.0,0.0,0.0,0.0,0.0,0.0,0.0,0.0,0.0,0.0
1487.856,0.8716733455657959,-1.1929548422442835,0.560431957244873,0.955579400062561,0.6453250646591187,-1.3348377386676231,-0.0016490294365212,0.0009843043517321,0.0009715211926959,-0.0007909588748589,-0.0173531584441661,0.006591323763132,-0.1342778908332975,-0.665996298785091,0.5744672384064552,1.2941538303215234,-1.6533301176894106,1.5807365606253347,0.0028954086520517,0.0006084735021473,0.0002579676985613,-0.000987907462202,-0.0112676416628475,0.0135304286550507,0.8716134398339156,-1.1929762783948998,0.560346278627825,0.9557856577835014,0.6451066257675699,-1.3347527947105675,0.0,0.0,0.0,0.0,0.0,0.0,0.0,0.0,0.0,0.0,0.0,0.0
1487.864,0.8716853857040405,-1.1929906050311487,0.560420036315918,0.9556034803390504,0.6451932191848755,-1.3348496595965784,-0.0012911005178466,-0.0002045307774096,0.0008053399506025,-0.0007909588748589,-0.0156753659248352,0.0038109836168587,-0.1342222351444359,-0.6659743276490562,0.5744997617838168,1.2942685921902488,-1.6532308225379952,1.5808528654856413,0.0030851117946715,0.0009262216735052,0.0009264398965441,-0.0023680418117088,-0.0073429422934536,0.0128360771906258,0.8716134398339156,-1.1929762783948998,0.560346278627825,0.9557856577835014,0.6451066257675699,-1.3347527947105675,0.0,0.0,0.0,0.0,0.0,0.0,0.0,0.0,0.0,0.0,0.0,0.0
1487.8719999999998,0.8716973662376404,-1.1929429213153284,0.5603957176208496,0.9556273221969604,0.6450498104095459,-1.3348258177386685,-0.0010098706698045,-0.0002045307774096,0.0006902913446538,-0.0007909588748589,-0.0120561309158802,0.0025885927025228,-0.1341889353005299,-0.6659819027185496,0.5744887896247819,1.2943696763389996,-1.6532398879433847,1.5810069243282256,0.0023554841861358,0.0007079022912401,0.0007322295286312,-0.0020270013139787,-0.0052204578346673,0.0099224804111633,0.8716134398339156,-1.1929762783948998,0.560346278627825,0.9557856577835014,0.6451066257675699,-1.3347527947105675,0.0,0.0,0.0,0.0,0.0,0.0,0.0,0.0,0.0,0.0,0.0,0.0
1487.88,0.8716733455657959,-1.1929429213153284,0.5604076385498047,0.9556392431259156,0.6451336741447449,-1.3348258177386685,-0.0008309062686748,-0.0002045307774096,0.0006008091731928,0.0024447820615023,-0.0058722705580294,0.0019414444686844,-0.1342259446566996,-0.6659825777113648,0.5744764032226556,1.294284718441016,-1.6533130125566449,1.580919689886645,0.0011946328746396,0.0007183937764647,-4.571026024270021e-05,0.0014703872320331,-0.0051101679618631,0.0043493662683461,0.8716134398339156,-1.1929762783948998,0.560346278627825,0.9557856577835014,0.6451066257675699,-1.3347527947105675,0.0,0.0,0.0,0.0,0.0,0.0,0.0,0.0,0.0,0.0,0.0,0.0
1487.888,0.871661365032196,-1.192906681691305,0.5604557991027832,0.955687403678894,0.645121693611145,-1.3348138968097132,-0.0007030745618976,-0.0002045307774096,0.0005241101025603,0.0024447820615023,-0.0034035199787467,0.0015579493483528,-0.13424058470373,-0.6659918615383631,0.5744285028908654,1.2942744553714969,-1.6534757402520988,1.580942349184124,0.0006543424561047,0.0005776575214761,-0.0001789955692666,0.0018145954780516,-0.0040912079219873,0.002210440950415,0.8716134398339156,-1.1929762783948998,0.560346278627825,0.9557856577835014,0.6451066257675699,-1.3347527947105675,0.0,0.0,0.0,0.0,0.0,0.0,0.0,0.0,0.0,0.0,0.0,0.0
1487.896,0.8716498017311096,-1.1928709189044395,0.5604076385498047,0.955687403678894,0.6451097130775452,-1.3348258177386685,-0.000613592332229,-0.0002045307774096,0.0004729774082079,0.0039308257400989,-0.0023968450259417,0.0013182647526264,-0.134253559494459,-0.6659996691419707,0.5744291581478025,1.2942788296115786,-1.653450233609142,1.5809384223052767,0.0005943960450482,0.0006780239828123,-0.000407731457617,0.0030581876566726,-0.0045384032453127,0.0013857227199601,0.8716134398339156,-1.1929762783948998,0.560346278627825,0.9557856577835014,0.6451066257675699,-1.3347527947105675,0.0,0.0,0.0,0.0,0.0,0.0,0.0,0.0,0.0,0.0,0.0,0.0
1487.904,0.8716378211975098,-1.192858997975485,0.5604557991027832,0.9556273221969604,0.6450737714767456,-1.3348258177386685,-0.0005368932615965,-0.0002045307774096,0.0004346279019955,0.0039308257400989,-0.0018455707468092,0.0011265171924605,-0.1342643043395407,-0.6660104287678059,0.574410713830973,1.29429274463146,-1.6534394518491249,1.5809639282008905,0.0005070451634245,0.0006415882834544,-0.0004281815106866,0.0030928529578511,-0.004196354701992,0.0009769799804198,0.8716134398339156,-1.1929762783948998,0.560346278627825,0.9557856577835014,0.6451066257675699,-1.3347527947105675,0.0,0.0,0.0,0.0,0.0,0.0,0.0,0.0,0.0,0.0,0.0,0.0
1487.912,0.8716498017311096,-1.1928470770465296,0.5604796409606934,0.9556392431259156,0.6450857520103455,-1.3348014990436,-0.0004857605963479,-0.0002045307774096,-0.0,0.0032357408199459,-0.0014860439114272,0.0009827064350247,-0.1342633964793562,-0.6660174226959972,0.5743908451639895,1.2942812531851873,-1.653516419781245,1.5809785792891262,0.0004117640555853,0.0005701812505466,-0.0001758515186846,0.0022645011429649,-0.0032455081372592,0.0007185188050953,0.8716134398339156,-1.1929762783948998,0.560346278627825,0.9557856577835014,0.6451066257675699,-1.3347527947105675,0.0,0.0,0.0,0.0,0.0,0.0,0.0,0.0,0.0,0.0,0.0,0.0
1487.9199999999998,0.871661365032196,-1.1928470770465296,0.5604915618896484,0.9556273221969604,0.645121693611145,-1.3348258177386685,0.0,-0.0002045307774096,-0.0,0.0023009711876511,-0.0012703278334811,0.0008868326549418,-0.1342666345484647,-0.6660229603950303,0.5743846383906316,1.2942825184074478,-1.6535054939882698,1.5809388759248812,0.0005957478808864,0.0003921639482673,-7.536265565209344e-05,0.0015681737662011,-0.0025008833734679,0.001022295143591,0.8716134398339156,-1.1929762783948998,0.560346278627825,0.9557856577835014,0.6451066257675699,-1.3347527947105675,0.0,0.0,0.0,0.0,0.0,0.0,0.0,0.0,0.0,0.0,0.0,0.0
1487.928,0.8716853857040405,-1.192858997975485,0.5604557991027832,0.9557117223739624,0.6451336741447449,-1.3348258177386685,0.0,-0.0002045307774096,-0.0,0.0017976338276639,-0.0010785802733153,0.0007909588748589,-0.1342402792749926,-0.6660107725484239,0.5743962615190716,1.294298387056554,-1.653543400361258,1.5809451656252942,0.0005013218376032,0.0003274979962136,-2.6352286067181737e-05,0.0011976238775474,-0.0020393568466419,0.0008611934383349,0.8716134398339156,-1.1929762783948998,0.560346278627825,0.9557856577835014,0.6451066257675699,-1.3347527947105675,0.0,0.0,0.0,0.0,0.0,0.0,0.0,0.0,0.0,0.0,0.0,0.0
1487.936,0.8716733455657959,-1.1928709189044395,0.5604677200317383,0.9556995630264282,0.6451097130775452,-1.3348377386676231,0.0,-0.0002045307774096,-0.0,0.0015819177497178,0.0,0.0007190534961409,-0.1342402674680768,-0.6660056158282663,0.5744012510182935,1.294310869758189,-1.653513239507697,1.5809516686735918,0.0002066373099163,0.0002477749738756,-7.285321230736403e-05,0.0012320852721373,-0.001567682811611,-0.0001466344854859,0.8716134398339156,-1.1929762783948998,0.560346278627825,0.9557856577835014,0.6451066257675699,-1.3347527947105675,0.0,0.0,0.0,0.0,0.0,0.0,0.0,0.0,0.0,0.0,0.0,0.0
1487.944,0.8716498017311096,-1.1929429213153284,0.560431957244873,0.9557715654373168,0.645121693611145,-1.3348377386676231,0.0,-0.0002045307774096,-0.0,0.0068549769930541,0.0,0.0006471481756307,-0.134228018255006,-0.6659660825840114,0.5744502264901787,1.294277603370111,-1.653486854651082,1.5809236366592592,0.0006833484869326,0.0008205574892245,-0.0007223119150911,0.005254939503487,-0.0048874398543639,-0.0001549265963493,0.8716134398339156,-1.1929762783948998,0.560346278627825,0.9557856577835014,0.6451066257675699,-1.3347527947105675,0.0,0.0,0.0,0.0,0.0,0.0,0.0,0.0,0.0,0.0,0.0,0.0
1487.952,0.8716853857040405,-1.192906681691305,0.560431957244873,0.955783486366272,0.6451097130775452,-1.3348138968097132,0.0,-0.0002045307774096,-0.0,0.0064714816398918,0.0,0.0005992112564854,-0.1342114605555867,-0.6659823934482972,0.5744279608908852,1.2943078641471055,-1.6535441777446511,1.5809733820457792,0.0006486698866248,0.0007789453270387,-0.0006750174807063,0.0049494949970271,-0.0045953264416825,-0.000144010157069,0.8716134398339156,-1.1929762783948998,0.560346278627825,0.9557856577835014,0.6451066257675699,-1.3347527947105675,0.0,0.0,0.0,0.0,0.0,0.0,0.0,0.0,0.0,0.0,0.0,0.0
1487.96,0.8716853857040405,-1.1929548422442835,0.560431957244873,0.955795407295227,0.6450977325439453,-1.3348258177386685,0.0,-0.0002045307774096,-0.0,0.0035952676553279,0.0,0.0005512743955478,-0.1341923430497646,-0.665962591923033,0.574456021382356,1.294323684654269,-1.6534867537529565,1.5809738070905672,0.0003886435376793,0.0004664869591353,-0.0003208207263177,0.0027337344889505,-0.0027018707529111,-0.0001225375423632,0.8716134398339156,-1.1929762783948998,0.560346278627825,0.9557856577835014,0.6451066257675699,-1.3347527947105675,0.0,0.0,0.0,0.0,0.0,0.0,0.0,0.0,0.0,0.0,0.0,0.0
1487.9679999999998,0.871661365032196,-1.1929429213153284,0.560431957244873,0.955783486366272,0.6451097130775452,-1.3348496595965784,0.0,-0.0002045307774096,-0.0,0.0024687503464519,0.0,0.0005273059359751,-0.1342161831246835,-0.6659657145494111,0.574449569877815,1.2943056514499507,-1.6534801322464516,1.5809352452727747,0.0002868156693723,0.0003441096679023,-0.0001820886603691,0.0018645664198624,-0.0019553795084574,-0.000113125651966,0.8716134398339156,-1.1929762783948998,0.560346278627825,0.9557856577835014,0.6451066257675699,-1.3347527947105675,0.0,0.0,0.0,0.0,0.0,0.0,0.0,0.0,0.0,0.0,0.0,0.0
1487.976,0.8716498017311096,-1.1929190794574185,0.5604557991027832,0.9558075666427612,0.6450737714767456,-1.3348138968097132,0.0,-0.0002045307774096,-0.0,0.0018935076659545,0.0,0.0004793690168298,-0.1342213387378404,-0.6659701528001724,0.5744243437462795,1.294297649566618,-1.6535838013987774,1.5809881055274118,0.0002348200156911,0.0002816257936995,-0.0001112096442011,0.00141201604952,-0.0015402615173454,-0.0001014000512829,0.8716134398339156,-1.1929762783948998,0.560346278627825,0.9557856577835014,0.6451066257675699,-1.3347527947105675,0.0,0.0,0.0,0.0,0.0,0.0,0.0,0.0,0.0,0.0,0.0,0.0
1487.984,0.8716378211975098,-1.192906681691305,0.560420036315918,0.9558075666427612,0.6450857520103455,-1.3348258177386685,0.0,-0.0002045307774096,-0.0,0.0015339808305725,0.0,0.0004554005572572,-0.1342341551342857,-0.6659713280253361,0.5744318585611888,1.2942841736122563,-1.6535561929580094,1.5809613524855344,0.0002023177693127,0.000242566759335,-6.694531376850664e-05,0.001130620289796,-0.0012865125078016,-9.522053122903528e-05,0.8716134398339156,-1.1929762783948998,0.560346278627825,0.9557856577835014,0.6451066257675699,-1.3347527947105675,0.0,0.0,0.0,0.0,0.0,0.0,0.0,0.0,0.0,0.0,0.0,0.0
1487.992,0.8716733455657959,-1.192858997975485,0.5604557991027832,0.9558075666427612,0.6450977325439453,-1.3348014990436,0.0,-0.0002045307774096,-0.0,0.0012942963512614,0.0,0.0004314321267884,-0.1342304631612925,-0.6659968686344109,0.5743868939622474,1.294297061858406,-1.65366482580285,1.580993032938837,0.0001806439980318,0.0002165408676274,-3.741124991535323e-05,0.0009411189402017,-0.0011097071290834,-8.957379608355783e-05,0.8716134398339156,-1.1929762783948998,0.560346278627825,0.9557856577835014,0.6451066257675699,-1.3347527947105675,0.0,0.0,0.0,0.0,0.0,0.0,0.0,0.0,0.0,0.0,0.0,0.0
1488.0,0.8716733455657959,-1.1928709189044395,0.5604557991027832,0.955783486366272,0.6450977325439453,-1.3348377386676231,0.0,-0.0002045307774096,-0.0,0.0011025487910956,0.0,0.0004074636672157,-0.1342289318713434,-0.6659950590943959,0.5743969677186453,1.294319788518746,-1.6535909769273178,1.5809687327600284,0.0001633060447859,0.0001957074386799,-1.3806275497588628e-05,0.0007883030650816,-0.0009637484289666,-8.409829099400993e-05,0.8716134398339156,-1.1929762783948998,0.560346278627825,0.9557856577835014,0.6451066257675699,-1.3347527947105675,0.0,0.0,0.0,0.0,0.0,0.0,0.0,0.0,0.0,0.0,0.0,0.0
1488.008,0.871661365032196,-1.1928470770465296,0.5604796409606934,0.955783486366272,0.6450737714767456,-1.3348258177386685,0.0,-0.0002045307774096,-0.0,0.0009587380336597,0.0,0.0003834952076431,-0.1342395979199729,-0.6660026805940018,0.5743738946667901,1.294317690989243,-1.65365091307032,1.5809945938181007,0.0001503060957675,0.0001800821446833,3.915713089528919e-06,0.0006722230041092,-0.0008485899620805,-7.884212678309219e-05,0.8716134398339156,-1.1929762783948998,0.560346278627825,0.9557856577835014,0.6451066257675699,-1.3347527947105675,0.0,0.0,0.0,0.0,0.0,0.0,0.0,0.0,0.0,0.0,0.0,0.0
1488.0159999999998,0.8716733455657959,-1.1928828398333948,0.560431957244873,0.9557715654373168,0.6450857520103455,-1.3348138968097132,0.0,-0.0002045307774096,-0.0,0.0008628642535768,0.0,0.0003595267480704,-0.1342218607431286,-0.6659896736248895,0.5744168355737318,1.2943130378156094,-1.6535523326315975,1.5809890763276464,0.000141635468286,0.0001696678383492,1.5703310583388457e-05,0.0005928759364707,-0.0007642258022732,-7.376148412280037e-05,0.8716134398339156,-1.1929762783948998,0.560346278627825,0.9557856577835014,0.6451066257675699,-1.3347527947105675,0.0,0.0,0.0,0.0,0.0,0.0,0.0,0.0,0.0,0.0,0.0,0.0
1488.024,0.8716853857040405,-1.192895237599508,0.5604557991027832,0.955795407295227,0.6451097130775452,-1.3348377386676231,0.0,-0.0002045307774096,-0.0,0.0007669904152862,0.0,0.0003595267480704,-0.1342153268905806,-0.6659869769361024,0.5744091891928605,1.2943232635234965,-1.6535771167401252,1.5809637640499734,0.000132968112166,0.0001592569356713,2.750934981376177e-05,0.000519411805993,-0.0007026207814747,-7.336597214882865e-05,0.8716134398339156,-1.1929762783948998,0.560346278627825,0.9557856577835014,0.6451066257675699,-1.3347527947105675,0.0,0.0,0.0,0.0,0.0,0.0,0.0,0.0,0.0,0.0,0.0,0.0
1488.032,0.8716973662376404,-1.192906681691305,0.5604438781738281,0.955795407295227,0.6450857520103455,-1.3348138968097132,0.0,-0.0002045307774096,-0.0,0.0007190534961409,0.0,0.0003355583176016,-0.1341969827875472,-0.6659822705878998,0.5744228764916128,1.2943375305096343,-1.653556507755226,1.5810040135728078,0.0001286321801421,0.0001540504347077,3.341135174058953e-05,0.0004768108014405,-0.0006490518455707,-6.850029577474164e-05,0.8716134398339156,-1.1929762783948998,0.560346278627825,0.9557856577835014,0.6451066257675699,-1.3347527947105675,0.0,0.0,0.0,0.0,0.0,0.0,0.0,0.0,0.0,0.0,0.0,0.0
1488.04,0.871661365032196,-1.192906681691305,0.5604438781738281,0.9557715654373168,0.6451097130775452,-1.3348377386676231,0.0,-0.0002045307774096,-0.0,0.0006471481756307,0.0,0.0003355583176016,-0.1342292275738592,-0.6659812792631294,0.5744241891595253,1.2942984605446073,-1.6535324118043035,1.5809455623220083,0.000122136647518,0.000146234268459,4.2262401642192855e-05,0.0004216799787059,-0.0006028722044059,-6.819406841560614e-05,0.8716134398339156,-1.1929762783948998,0.560346278627825,0.9557856577835014,0.6451066257675699,-1.3347527947105675,0.0,0.0,0.0,0.0,0.0,0.0,0.0,0.0,0.0,0.0,0.0,0.0
1488.048,0.871661365032196,-1.1929310003863731,0.560431957244873,0.9558194875717164,0.6451097130775452,-1.3348258177386685,0.0,-0.0001917476038215,-0.0,0.0005992112564854,0.0,0.000311589858029,-0.1342166372880948,-0.6659662297813596,0.5744380280698372,1.2942908212130813,-1.6535566042867242,1.580953381367156,0.0001138282336724,0.0001362836521942,4.05406577484873e-05,0.0003888506494094,-0.0005575342224834,-6.33203983334518e-05,0.8716134398339156,-1.1929762783948998,0.560346278627825,0.9557856577835014,0.6451066257675699,-1.3347527947105675,0.0,0.0,0.0,0.0,0.0,0.0,0.0,0.0,0.0,0.0,0.0,0.0
1488.056,0.8716498017311096,-1.1929310003863731,0.560420036315918,0.955795407295227,0.6450857520103455,-1.3348496595965784,0.0,-0.0001917476038215,-0.0,0.0005512743955478,0.0,0.0002876213984563,-0.1342197096375746,-0.6659652281539186,0.5744478565932334,1.294311224672058,-1.6534881411444893,1.5809511326527004,0.0001094950140434,0.0001310738474066,4.644350552369522e-05,0.00034623614646,-0.000503974400632,-5.845403722213803e-05,0.8716134398339156,-1.1929762783948998,0.560346278627825,0.9557856577835014,0.6451066257675699,-1.3347527947105675,0.0,0.0,0.0,0.0,0.0,0.0,0.0,0.0,0.0,0.0,0.0,0.0
1488.064,0.871661365032196,-1.1929190794574185,0.5604796409606934,0.9558075666427612,0.6450857520103455,-1.3348138968097132,0.0,-0.0001789644302334,-0.0,0.0005273059359751,0.0,0.0002876213984563,-0.1342180783636043,-0.6659739596503604,0.5744130525135146,1.294300965021441,-1.653611755585339,1.5809862114457114,0.0001033490514672,0.0001237247480769,4.1780934476377806e-05,0.0003376630423497,-0.000496793435549,-5.834928065627509e-05,0.8716134398339156,-1.1929762783948998,0.560346278627825,0.9557856577835014,0.6451066257675699,-1.3347527947105675,0.0,0.0,0.0,0.0,0.0,0.0,0.0,0.0,0.0,0.0,0.0,0.0
1488.072,0.8716498017311096,-1.1929429213153284,0.560431957244873,0.9557715654373168,0.6451097130775452,-1.3348014990436,0.0,-0.0001789644302334,-0.0,0.0004793690168298,0.0,0.0002876213984563,-0.1342249615697882,-0.6659654574283085,0.574451038037208,1.2942633271922543,-1.6535141333244563,1.5809554922556912,9.901727096701208e-05,0.0001185169863473,4.767316076982344e-05,0.0003009146107881,-0.0004660032200356,-5.813096324110111e-05,0.8716134398339156,-1.1929762783948998,0.560346278627825,0.9557856577835014,0.6451066257675699,-1.3347527947105675,0.0,0.0,0.0,0.0,0.0,0.0,0.0,0.0,0.0,0.0,0.0,0.0
1488.08,0.8716378211975098,-1.1929429213153284,0.560431957244873,0.9557596445083618,0.6450977325439453,-1.3348258177386685,0.0,-0.0001661812566453,-0.0,0.0004554005572572,0.0,0.0002636529679875,-0.1342309611885229,-0.6659645190098502,0.5744533177420693,1.294275086983778,-1.653478270606283,1.5809440945383246,9.28741510130395e-05,0.0001111656705355,4.300304214934852e-05,0.0002864491572718,-0.0004360685158385,-5.3354489592443726e-05,0.8716134398339156,-1.1929762783948998,0.560346278627825,0.9557856577835014,0.6451066257675699,-1.3347527947105675,0.0,0.0,0.0,0.0,0.0,0.0,0.0,0.0,0.0,0.0,0.0,0.0
1488.088,0.8716973662376404,-1.192906681691305,0.5604796409606934,0.9558194875717164,0.645121693611145,-1.3348138968097132,0.0,-0.0001661812566453,-0.0,0.0004314321267884,0.0,0.0002636529679875,-0.1342060511581311,-0.6659839747577975,0.5744017564142428,1.2943119196950614,-1.6536408183071416,1.5809770376120131,9.070072910111073e-05,0.000108567426182,4.596464442782073e-05,0.0002681070654687,-0.0004206477576509,-5.327641146257625e-05,0.8716134398339156,-1.1929762783948998,0.560346278627825,0.9557856577835014,0.6451066257675699,-1.3347527947105675,0.0,0.0,0.0,0.0,0.0,0.0,0.0,0.0,0.0,0.0,0.0,0.0
1488.096,0.8716733455657959,-1.1928828398333948,0.5604438781738281,0.955783486366272,0.6450737714767456,-1.3348138968097132,0.0,-0.0001533980830572,-0.0,0.0004074636672157,0.0,0.0002396845084149,-0.1342184183513482,-0.665988568167714,0.5744109395716357,1.2943218210539271,-1.653574603250226,1.5810019677096945,8.45581300483444e-05,0.0001012137864626,4.129547650536547e-05,0.0002536427973938,-0.0003907164080029,-4.849119985120452e-05,0.8716134398339156,-1.1929762783948998,0.560346278627825,0.9557856577835014,0.6451066257675699,-1.3347527947105675,0.0,0.0,0.0,0.0,0.0,0.0,0.0,0.0,0.0,0.0,0.0,0.0
1488.104,0.8716853857040405,-1.192895237599508,0.5604677200317383,0.955783486366272,0.6450737714767456,-1.3348258177386685,0.0,-0.0001533980830572,-0.0,0.0003834952076431,0.0,0.0002396845084149,-0.134207926684159,-0.6659872108976324,0.5744078527497314,1.29434170960539,-1.6535722985392591,1.581003038825331,8.239010899124276e-05,9.86110834125306e-05,4.424697459636399e-05,0.0002352811594488,-0.0003753135299068,-4.83915369837754e-05,0.8716134398339156,-1.1929762783948998,0.560346278627825,0.9557856577835014,0.6451066257675699,-1.3347527947105675,0.0,0.0,0.0,0.0,0.0,0.0,0.0,0.0,0.0,0.0,0.0,0.0
1488.112,0.8716733455657959,-1.1928709189044395,0.5604557991027832,0.9558314085006714,0.6450977325439453,-1.3348377386676231,0.0,-0.0001406149094691,-0.0,0.0003595267480704,0.0,0.0002396845084149,-0.1342245992192174,-0.6659898529343524,0.5743910666867377,1.294319986732409,-1.6536461388923798,1.580972939495341,7.62482300574583e-05,9.126119807252995e-05,3.957846725841839e-05,0.000226690903384,-0.0003681421261618,-4.828276824482195e-05,0.8716134398339156,-1.1929762783948998,0.560346278627825,0.9557856577835014,0.6451066257675699,-1.3347527947105675,0.0,0.0,0.0,0.0,0.0,0.0,0.0,0.0,0.0,0.0,0.0,0.0
1488.12,0.8716853857040405,-1.1929429213153284,0.5604438781738281,0.9557596445083618,0.645037829875946,-1.3348377386676231,0.0,-0.0001406149094691,-0.0,0.0003595267480704,0.0,0.0002157160633942,-0.1341846937594434,-0.6659685909097393,0.5744521358449592,1.2943745269508369,-1.6534365271532367,1.5810197569800977,7.624728839678641e-05,9.126226989718118e-05,3.956960055172423e-05,0.0002208208550506,-0.0003453782038301,-4.3602925898780566e-05,0.8716134398339156,-1.1929762783948998,0.560346278627825,0.9557856577835014,0.6451066257675699,-1.3347527947105675,0.0,0.0,0.0,0.0,0.0,0.0,0.0,0.0,0.0,0.0,0.0,0.0
1488.128,0.8716733455657959,-1.192858997975485,0.560431957244873,0.955783486366272,0.6450977325439453,-1.3348258177386685,0.0,-0.0001406149094691,-0.0,0.0003355583176016,0.0,0.0002157160633942,-0.1342312566539421,-0.6659978552954687,0.574400338833031,1.294312186783891,-1.6535879270779748,1.5809746226241,7.408043253629288e-05,8.865637592230617e-05,4.252843434344224e-05,0.0002024406633349,-0.000329980551209,-4.351667922563202e-05,0.8716134398339156,-1.1929762783948998,0.560346278627825,0.9557856577835014,0.6451066257675699,-1.3347527947105675,0.0,0.0,0.0,0.0,0.0,0.0,0.0,0.0,0.0,0.0,0.0,0.0
1488.136,0.8716853857040405,-1.1929429213153284,0.560420036315918,0.9558075666427612,0.6450617909431458,-1.3348138968097132,0.0,-0.000127831735881,-0.0,0.000311589858029,0.0,0.0002157160633942,-0.134185090645654,-0.6659630060626124,0.5744550904728352,1.2943421733261438,-1.653495933076762,1.581014148937085,6.793810706745473e-05,8.13102944138794e-05,3.784966417097019e-05,0.0001938677377514,-0.0003228059719946,-4.338751891060309e-05,0.8716134398339156,-1.1929762783948998,0.560346278627825,0.9557856577835014,0.6451066257675699,-1.3347527947105675,0.0,0.0,0.0,0.0,0.0,0.0,0.0,0.0,0.0,0.0,0.0,0.0
1488.144,0.871661365032196,-1.1929190794574185,0.5604677200317383,0.9558314085006714,0.6450977325439453,-1.3348138968097132,0.0,-0.000127831735881,-0.0,0.000311589858029,0.0,0.0002157160633942,-0.1342182875379087,-0.6659711800276328,0.5744145445353025,1.2942923295647404,-1.653630650463903,1.5809764595870195,6.793956470485669e-05,8.13080908941456e-05,3.785411025725895e-05,0.0001938552315519,-0.0003228090085569,-4.3401171387359023e-05,0.8716134398339156,-1.1929762783948998,0.560346278627825,0.9557856577835014,0.6451066257675699,-1.3347527947105675,0.0,0.0,0.0,0.0,0.0,0.0,0.0,0.0,0.0,0.0,0.0,0.0
1488.152,0.871661365032196,-1.192895237599508,0.5604438781738281,0.9557355642318726,0.6450617909431458,-1.3348138968097132,0.0,-0.000127831735881,-0.0,0.0002876213984563,0.0,0.0001917476038215,-0.1342238160030618,-0.6659869377069494,0.5744250452593758,1.294317936660329,-1.6535048263193632,1.5810004117705114,6.57707803766745e-05,7.87021527113605e-05,4.08057867235352e-05,0.0001696114367398,-0.0002846464333115,-3.863071281379474e-05,0.8716134398339156,-1.1929762783948998,0.560346278627825,0.9557856577835014,0.6451066257675699,-1.3347527947105675,0.0,0.0,0.0,0.0,0.0,0.0,0.0,0.0,0.0,0.0,0.0,0.0
1488.16,0.8716378211975098,-1.1929190794574185,0.560431957244873,0.9558194875717164,0.6450737714767456,-1.3348138968097132,0.0,-0.0001150485622929,-0.0,0.0002876213984563,0.0,0.0001917476038215,-0.1342268556068476,-0.6659656199939081,0.5744333551245958,1.2942853052679837,-1.6535748932813237,1.5809800328011328,6.179745532162027e-05,7.395697310243855e-05,3.318198943282568e-05,0.0001793877218712,-0.0002928763582038,-3.861935996304248e-05,0.8716134398339156,-1.1929762783948998,0.560346278627825,0.9557856577835014,0.6451066257675699,-1.3347527947105675,0.0,0.0,0.0,0.0,0.0,0.0,0.0,0.0,0.0,0.0,0.0,0.0
1488.168,0.8716498017311096,-1.192895237599508,0.560431957244873,0.9558194875717164,0.6450737714767456,-1.3348014990436,0.0,-0.0001150485622929,-0.0,0.0002636529679875,0.0,0.0001917476038215,-0.1342262944739211,-0.6659760796208336,0.5744191387783029,1.2942898996909364,-1.6536085927613695,1.5809964223948831,5.9629097999440405e-05,7.135339313646923e-05,3.613571512411809e-05,0.0001610257294129,-0.0002774734444878,-3.8520722206464056e-05,0.8716134398339156,-1.1929762783948998,0.560346278627825,0.9557856577835014,0.6451066257675699,-1.3347527947105675,0.0,0.0,0.0,0.0,0.0,0.0,0.0,0.0,0.0,0.0,0.0,0.0
1488.176,0.8716853857040405,-1.1928828398333948,0.5604557991027832,0.9557715654373168,0.6451097130775452,-1.3348377386676231,0.0,-0.0001150485622929,-0.0,0.0002636529679875,0.0,0.0001917476038215,-0.1342213391226304,-0.6659941697806707,0.5744047324402421,1.2943232734362211,-1.6535639133620774,1.5809628179861006,5.962565225796809e-05,7.135446474999701e-05,3.613590765622282e-05,0.0001610288479298,-0.0002774693447731,-3.852116797629743e-05,0.8716134398339156,-1.1929762783948998,0.560346278627825,0.9557856577835014,0.6451066257675699,-1.3347527947105675,0.0,0.0,0.0,0.0,0.0,0.0,0.0,0.0,0.0,0.0,0.0,0.0
1488.184,0.871661365032196,-1.1929190794574185,0.5604438781738281,0.955783486366272,0.6450857520103455,-1.3348377386676231,0.0,-0.0001150485622929,-0.0,0.0002636529679875,0.0,0.0001917476038215,-0.1342181795254107,-0.6659741309978471,0.5744317370639036,1.2943157055471697,-1.65352157796039,1.580967002212686,5.962833968132506e-05,7.135417021003237e-05,3.6132946465708086e-05,0.0001610256148031,-0.0002774734087928,-3.851607284726387e-05,0.8716134398339156,-1.1929762783948998,0.560346278627825,0.9557856577835014,0.6451066257675699,-1.3347527947105675,0.0,0.0,0.0,0.0,0.0,0.0,0.0,0.0,0.0,0.0,0.0,0.0
1488.192,0.871661365032196,-1.192895237599508,0.5604796409606934,0.955783486366272,0.6450617909431458,-1.3348496595965784,0.0,-0.0001022653887048,-0.0,0.0002396845084149,0.0,0.0001677791588008,-0.1342215593711821,-0.6659841763871273,0.5744034248162879,1.2943410067150416,-1.653569096056483,1.580987037475522,5.348350900235105e-05,6.400334423162816e-05,3.146645196488756e-05,0.0001465668282538,-0.0002475335472928,-3.3746348131495045e-05,0.8716134398339156,-1.1929762783948998,0.560346278627825,0.9557856577835014,0.6451066257675699,-1.3347527947105675,0.0,0.0,0.0,0.0,0.0,0.0,0.0,0.0,0.0,0.0,0.0,0.0
1488.2,0.871661365032196,-1.1928828398333948,0.5604557991027832,0.955795407295227,0.6450977325439453,-1.3348377386676231,0.0,-0.0001022653887048,-0.0,0.0002396845084149,0.0,0.0001677791588008,-0.1342321245752716,-0.6659877303029815,0.5744026082422773,1.294307502770963,-1.6535957890865705,1.580961706211432,5.348383723235359e-05,6.400374893086896e-05,3.146568498835681e-05,0.0001465611187162,-0.0002475347034251,-3.3747910019622294e-05,0.8716134398339156,-1.1929762783948998,0.560346278627825,0.9557856577835014,0.6451066257675699,-1.3347527947105675,0.0,0.0,0.0,0.0,0.0,0.0,0.0,0.0,0.0,0.0,0.0,0.0
1488.208,0.871661365032196,-1.192895237599508,0.5604557991027832,0.955795407295227,0.6450857520103455,-1.3348258177386685,0.0,-0.0001022653887048,-0.0,0.0002396845084149,0.0,0.0001677791588008,-0.1342252110784361,-0.6659825024284374,0.574410812775621,1.294308503328193,-1.6535870614307184,1.580978265358416,5.348401847728923e-05,6.400395755190405e-05,3.146498635016111e-05,0.0001465627513955,-0.0002475346371201,-3.374622442950966e-05,0.8716134398339156,-1.1929762783948998,0.560346278627825,0.9557856577835014,0.6451066257675699,-1.3347527947105675,0.0,0.0,0.0,0.0,0.0,0.0,0.0,0.0,0.0,0.0,0.0,0.0
1488.216,0.8716498017311096,-1.1929310003863731,0.5604438781738281,0.955795407295227,0.6450737714767456,-1.3348377386676231,0.0,-0.0001022653887048,-0.0,0.0002157160633942,0.0,0.0001677791588008,-0.13421803721096,-0.6659662329164996,0.5744381888814551,1.2943124983899523,-1.6535210659080886,1.5809709882653311,5.131866332474538e-05,6.140063940647962e-05,3.44134177465119e-05,0.0001281946415382,-0.0002321371109298,-3.363994701189089e-05,0.8716134398339156,-1.1929762783948998,0.560346278627825,0.9557856577835014,0.6451066257675699,-1.3347527947105675,0.0,0.0,0.0,0.0,0.0,0.0,0.0,0.0,0.0,0.0,0.0,0.0
1488.224,0.8716853857040405,-1.1929190794574185,0.560431957244873,0.9557715654373168,0.6451097130775452,-1.3348377386676231,0.0,-0.0001022653887048,-0.0,0.0002157160633942,0.0,0.0001677791588008,-0.1342086812445929,-0.6659790854162737,0.5744368216298621,1.294322789996052,-1.6534948753690737,1.5809573167317932,5.131631329365157e-05,6.140228832658386e-05,3.441268599708034e-05,0.0001281967096132,-0.0002321343015807,-3.363918066923275e-05,0.8716134398339156,-1.1929762783948998,0.560346278627825,0.9557856577835014,0.6451066257675699,-1.3347527947105675,0.0,0.0,0.0,0.0,0.0,0.0,0.0,0.0,0.0,0.0,0.0,0.0
1488.232,0.8716853857040405,-1.1929190794574185,0.560420036315918,0.9557355642318726,0.6450857520103455,-1.3348615805255335,0.0,-8.948221511673182e-05,-0.0,0.0002157160633942,0.0,0.0001677791588008,-0.1342051303145932,-0.665980930424408,0.5744481183351261,1.29435494562963,-1.6534080735032095,1.580960747800663,4.7338994529928185e-05,5.665566938374039e-05,2.678978484136265e-05,0.0001379840438945,-0.0002403610615368,-3.3616374642466374e-05,0.8716134398339156,-1.1929762783948998,0.560346278627825,0.9557856577835014,0.6451066257675699,-1.3347527947105675,0.0,0.0,0.0,0.0,0.0,0.0,0.0,0.0,0.0,0.0,0.0,0.0
1488.24,0.871661365032196,-1.192906681691305,0.560431957244873,0.955783486366272,0.6450977325439453,-1.3348014990436,0.0,-8.948221511673182e-05,-0.0,0.0002157160633942,0.0,0.0001438106992281,-0.134224401218022,-0.6659785442088899,0.5744287725631461,1.2942841511030587,-1.6535597066934753,1.5809773897340722,4.734059141223487e-05,5.665481090927973e-05,2.679170599013673e-05,0.0001320962383172,-0.0002175986176396,-2.8967749085458385e-05,0.8716134398339156,-1.1929762783948998,0.560346278627825,0.9557856577835014,0.6451066257675699,-1.3347527947105675,0.0,0.0,0.0,0.0,0.0,0.0,0.0,0.0,0.0,0.0,0.0,0.0
1488.2479999999998,0.871661365032196,-1.192895237599508,0.560431957244873,0.955783486366272,0.6450857520103455,-1.3348014990436,0.0,0.0,-0.0,0.0001917476038215,0.0,0.0001438106992281,-0.1342249049344565,-0.6659821677664379,0.5744227602760895,1.2942929038206097,-1.6535676940669863,1.58098921868862,1.7335001784290247e-05,2.0829424995497277e-05,-2.3612886974485646e-05,0.0001822219312826,-0.0002597842097367,-2.874653137059406e-05,0.8716134398339156,-1.1929762783948998,0.560346278627825,0.9557856577835014,0.6451066257675699,-1.3347527947105675,0.0,0.0,0.0,0.0,0.0,0.0,0.0,0.0,0.0,0.0,0.0,0.0
1488.256,0.8716733455657959,-1.1928828398333948,0.5604438781738281,0.955795407295227,0.6450857520103455,-1.3348496595965784,0.0,0.0,-0.0,0.0001917476038215,0.0,0.0001438106992281,-0.1342203972211542,-0.6659878984431786,0.5744086598372106,1.2943358459431844,-1.6535614717036475,1.5809714370399122,1.7335303429653307e-05,2.083028721513441e-05,-2.361190490644836e-05,0.0001822257011183,-0.000259781237378,-2.8749495526314265e-05,0.8716134398339156,-1.1929762783948998,0.560346278627825,0.9557856577835014,0.6451066257675699,-1.3347527947105675,0.0,0.0,0.0,0.0,0.0,0.0,0.0,0.0,0.0,0.0,0.0,0.0
1488.264,0.8716733455657959,-1.192895237599508,0.5604438781738281,0.955783486366272,0.6450857520103455,-1.3348496595965784,0.0,0.0,-0.0,0.0001917476038215,0.0,0.0001438106992281,-0.1342176180571102,-0.6659845906662023,0.5744175205125083,1.2943356875028915,-1.6535335096455932,1.5809692431226965,1.7334933490324753e-05,2.0829848040782064e-05,-2.3612563928092283e-05,0.0001822252603039,-0.0002597817666617,-2.8747506883582075e-05,0.8716134398339156,-1.1929762783948998,0.560346278627825,0.9557856577835014,0.6451066257675699,-1.3347527947105675,0.0,0.0,0.0,0.0,0.0,0.0,0.0,0.0,0.0,0.0,0.0,0.0
1488.272,0.8716853857040405,-1.1929190794574185,0.5604076385498047,0.955795407295227,0.6450617909431458,-1.3348014990436,0.0,0.0,-0.0,0.0001917476038215,0.0,0.0001438106992281,-0.1341928875817378,-0.6659723314750333,0.5744478210069726,1.294334403403652,-1.653506164551002,1.5810213831251947,1.733375298728231e-05,2.082894191972051e-05,-2.361293211442105e-05,0.0001822307546874,-0.000259779972803,-2.8742706581749663e-05,0.8716134398339156,-1.1929762783948998,0.560346278627825,0.9557856577835014,0.6451066257675699,-1.3347527947105675,0.0,0.0,0.0,0.0,0.0,0.0,0.0,0.0,0.0,0.0,0.0,0.0
1488.28,0.8716853857040405,-1.1928828398333948,0.560431957244873,0.955783486366272,0.6450857520103455,-1.3348258177386685,0.0,0.0,-0.0,0.0001677791588008,0.0,0.0001438106992281,-0.1342127644354505,-0.6659899946299777,0.5744153675738043,1.2943329207605718,-1.653550577371888,1.580990192335845,1.5167853792393904e-05,1.8226308124297444e-05,-2.066098280360117e-05,0.0001638617416703,-0.0002443801481916,-2.8646313257987065e-05,0.8716134398339156,-1.1929762783948998,0.560346278627825,0.9557856577835014,0.6451066257675699,-1.3347527947105675,0.0,0.0,0.0,0.0,0.0,0.0,0.0,0.0,0.0,0.0,0.0,0.0
1488.288,0.8716853857040405,-1.1929190794574185,0.560431957244873,0.955795407295227,0.6450737714767456,-1.3348014990436,0.0,0.0,-0.0,0.0001677791588008,0.0,0.0001438106992281,-0.1341973560390069,-0.6659746195374565,0.5744363204471225,1.2943259177738529,-1.6535392834447014,1.5810128051598944,1.516744494498296e-05,1.822581572220606e-05,-2.0661149548270632e-05,0.0001638629025636,-0.0002443803638521,-2.864389965050869e-05,0.8716134398339156,-1.1929762783948998,0.560346278627825,0.9557856577835014,0.6451066257675699,-1.3347527947105675,0.0,0.0,0.0,0.0,0.0,0.0,0.0,0.0,0.0,0.0,0.0,0.0
1488.2959999999998,0.8716257810592651,-1.192895237599508,0.5604438781738281,0.9558075666427612,0.6450977325439453,-1.3348014990436,0.0,0.0,-0.0,0.0001677791588008,0.0,0.0001438106992281,-0.1342501746413023,-0.6659762152114517,0.5744137434166005,1.2942481057942514,-1.6536284811148565,1.5809609338627593,1.5169342791500709e-05,1.8225882353845607e-05,-2.066083299738052e-05,0.0001638459432817,-0.0002443897514146,-2.864868515588901e-05,0.8716134398339156,-1.1929762783948998,0.560346278627825,0.9557856577835014,0.6451066257675699,-1.3347527947105675,0.0,0.0,0.0,0.0,0.0,0.0,0.0,0.0,0.0,0.0,0.0,0.0
1488.304,0.8716853857040405,-1.1928828398333948,0.5604677200317383,0.9557596445083618,0.6450857520103455,-1.3348138968097132,0.0,0.0,-0.0,0.0001677791588008,0.0,0.0001198422542074,-0.1342169954589727,-0.6659950290066867,0.5744025841045103,1.294325525055089,-1.6535749232676973,1.5809982578130182,1.516801125329188e-05,1.822649751378081e-05,-2.0660700131412388e-05,0.0001579794292746,-0.0002216158812456,-2.399083939278325e-05,0.8716134398339156,-1.1929762783948998,0.560346278627825,0.9557856577835014,0.6451066257675699,-1.3347527947105675,0.0,0.0,0.0,0.0,0.0,0.0,0.0,0.0,0.0,0.0,0.0,0.0
1488.312,0.8716733455657959,-1.1929190794574185,0.5604438781738281,0.9558194875717164,0.6450498104095459,-1.3348014990436,0.0,0.0,-0.0,0.0001677791588008,0.0,0.0001198422542074,-0.1341977763523447,-0.6659699521418015,0.5744297390467072,1.2943311121841292,-1.6535751995115926,1.5810305294670934,1.5167970355284464e-05,1.8225988168399063e-05,-2.0659476128394276e-05,0.000157980779941,-0.0002216169962859,-2.3989754908156213e-05,0.8716134398339156,-1.1929762783948998,0.560346278627825,0.9557856577835014,0.6451066257675699,-1.3347527947105675,0.0,0.0,0.0,0.0,0.0,0.0,0.0,0.0,0.0,0.0,0.0,0.0
1488.32,0.871661365032196,-1.192906681691305,0.5604438781738281,0.955795407295227,0.6450857520103455,-1.334765736256735,0.0,0.0,-0.0,0.0001677791588008,0.0,0.0001198422542074,-0.1342209588651445,-0.6659774389031379,0.5744228764916128,1.2942703059286575,-1.653613987974258,1.5810110879328152,1.5168292936888055e-05,1.822594266186596e-05,-2.0660982803032515e-05,0.0001579738869042,-0.0002216199189373,-2.3990036589582244e-05,0.8716134398339156,-1.1929762783948998,0.560346278627825,0.9557856577835014,0.6451066257675699,-1.3347527947105675,0.0,0.0,0.0,0.0,0.0,0.0,0.0,0.0,0.0,0.0,0.0,0.0
