1487.3919999999998,0.7968112826347351,-1.1739452520953577,0.654414176940918,0.6097820997238159,0.2817225456237793,-0.8936470190631312,0.1438107043504715,0.37790894508361816,-1.093536615371704,3.081599712371826,1.0596691370010376,-3.126516580581665,-0.13437799819823334,-0.6659604040605495,0.5742057745403341,1.3043407229496633,-1.6703077064957712,2.0374734530915126,0.009016279855264842,0.005546790016275325,0.0014425552738393313,0.21177125338459102,1.1355584346541263,-0.8324898340898433,0.797104616048676,-1.1745540956132823,0.6544488847933996,0.6098363889912579,0.28292085382535387,-0.8962570346238898,0.14610033951637696,0.37400269960549554,-1.0879964453658715,3.0764372096052237,1.1064728834253987,-3.14159255027771,1.791586296808447,-4.104898513566116,3.8572394843348343,-4.723972374412743,9.925392824052691,0.0
1487.3999999999999,0.7980692386627197,-1.1710928122149866,0.6458659172058105,0.6339880228042603,0.2908133268356323,-0.9188016096698206,0.15879258513450623,0.3437906801700592,-1.0543944835662842,3.033782720565796,1.1371831893920898,-3.1306872367858887,-0.1343546274199232,-0.6659732465552608,0.5742185320991209,1.304799814250212,-1.6702965735891342,2.0231416602197076,0.008923664915414803,0.005292446828210165,-0.0011696751589116167,0.2205037013143918,1.2021516507563972,-0.8734311838494433,0.7983213123037871,-1.1717402499084972,0.6459856562567474,0.6339729018900713,0.2919972130641893,-0.9210663203822307,0.1623948055244567,0.33809512731657076,-1.0550310355842885,3.035869141860578,1.193575543604352,-3.14159255027771,2.036808251009967,-4.488446536115596,4.1206762226978775,-5.071008468080729,10.88783252236916,0.0
1487.408,0.7993624210357666,-1.168527905141012,0.6374740600585938,0.6581703424453735,0.30038273334503174,-0.9438350836383265,0.17346766591072083,0.3055817484855652,-1.0208258628845215,3.0168368816375732,1.2308039665222168,-3.1279067993164062,-0.13431542084965437,-0.6659137359577455,0.5742584689747484,1.30522408859888,-1.6705516318905078,2.0082502061157856,0.008656968611046216,0.007685468909105857,-0.00248872792782269,0.25204483342059114,1.2515594238725274,-0.9293430164874292,0.7996740738124443,-1.1692254079953468,0.6377999466570887,0.6577522853439669,0.3017847142010494,-0.9458496888831567,0.1767218804166132,0.2918766909437236,-0.9958789357325064,2.921866421217355,1.2590183498819334,-3.0677090201451462,1.7908843615195602,-5.7773045466058965,7.394012481472756,-14.250340080402879,8.180350784697671,9.235441266570444
1487.416,0.8008840680122375,-1.1663220564471644,0.6296453475952148,0.6810575723648071,0.31069478392601013,-0.967837158833639,0.1862764060497284,0.24847932159900665,-0.9469902515411377,2.8221890926361084,1.2891430854797363,-2.9987409114837646,-0.13428996872275678,-0.6659352203917127,0.5742732558833057,1.3053552113806635,-1.6709039577185418,1.9929687147792403,0.005831010358021355,0.0057183582229099975,0.0031315157794023288,0.23051946585608674,1.2968922035562327,-0.9566917884845022,0.8011452854686955,-1.1670825214168552,0.6300882457320421,0.6806123649957336,0.3121000710072826,-0.9700339378751313,0.19122481010391673,0.2438687186329741,-0.9321685225081082,2.793154732042126,1.319908500598124,-2.978247257281293,1.8128662109129432,-6.000996538843686,7.9638016530497735,-16.088961146903614,7.611268839523816,11.18272035798168
1487.424,0.8024768233299255,-1.1645243803607386,0.6224994659423828,0.7027820348739624,0.3215457499027252,-0.9915636221515101,0.20201249420642853,0.20161621272563934,-0.8743690848350525,2.709561347961426,1.3475302457809448,-2.9186623096466064,-0.13432142460795826,-0.6659699801533047,0.5742376027591152,1.305594509775569,-1.670825013896021,1.9769760043035765,0.007058241052806768,0.006223126861600801,-0.0022571512916375477,0.251057140278391,1.3220063246591234,-0.9796612273804047,0.8027360161284631,-1.1653226360819744,0.6228826574628746,0.7024440209156952,0.322904628904576,-0.9935010379492795,0.2066073119070325,0.19618634914223854,-0.8694277238646095,2.6649107138843178,1.3813162040765967,-2.888554162372415,1.92281272538947,-5.960296186341946,7.842599830437336,-16.03050226972602,7.6759629348091,11.211636863609709
1487.432,0.8041902184486389,-1.1631701628314417,0.6158938407897949,0.7243145704269409,0.3324083387851715,-1.0147374312030237,0.21843886375427246,0.1535770446062088,-0.8175095319747925,2.6051788330078125,1.4051024913787842,-2.8218536376953125,-0.13416197378156572,-0.6658617050000805,0.5741842158515974,1.306097588112514,-1.671287696517515,1.961043894758539,0.010706345944169509,0.009060645115891216,-0.0011173759927270521,0.2723497713793068,1.338279824812734,-1.0017869287201966,0.8044534394905399,-1.1639417713494495,0.616173688077284,0.7232544069618027,0.33420248527229346,-1.0162521687906736,0.22290376255484212,0.14916564945238453,-0.8080771475725936,2.5379636486121924,1.4432325297672894,-2.7993691734864123,2.0370563309762035,-5.877587461231751,7.668822036501988,-15.868383159015675,7.7395407113365895,11.148123610750348
1487.4399999999998,0.8060826063156128,-1.1621268431292933,0.6095514297485352,0.7438081502914429,0.34415772557258606,-1.0368216673480433,0.236833855509758,0.10627930611371994,-0.7578376531600952,2.451517105102539,1.477223515510559,-2.739018678665161,-0.1341476675709112,-0.6658948275127327,0.5742400835081158,1.3063495582715479,-1.670796012276264,1.9443637569824281,0.007467388441613032,0.005788749488946832,0.0011660961336821716,0.2555532928464461,1.3997899606348687,-1.0369073077521263,0.8063050064921864,-1.1629334455753142,0.6099487995166945,0.7430567496102906,0.3459977084373843,-1.0382939964268196,0.24014908337178148,0.10309606620017608,-0.7484580560915013,2.413003801659091,1.5056589520139547,-2.7113253000624242,2.15566510211742,-5.758697906526056,7.452386435136543,-15.619980869137684,7.80330278083316,11.005484177998515
1487.4479999999999,0.808083176612854,-1.1615279356585901,0.6036524772644043,0.7624982595443726,0.3565535545349121,-1.0581381956683558,0.2538866102695465,0.060272663831710815,-0.7023075819015503,2.3337841033935547,1.5389902591705322,-2.6621997356414795,-0.13414781840204149,-0.6658960985992104,0.5743323043377859,1.3063086283049183,-1.6704706191152152,1.9272153175952227,0.00788219722114645,0.006965716071107672,0.002339568595436515,0.25868342087780327,1.4423261408998045,-1.063242204788073,0.8082979356644729,-1.1622891568369802,0.6041943964233485,0.7618647183003071,0.3582912976029912,-1.0596326263618332,0.25799031458872174,0.05814713192755394,-0.689826056380995,2.2872203710515073,1.5662610811797786,-2.6210783694323565,2.230153902117532,-5.618616784077767,7.328999963813282,-15.722928825947946,7.575266145727983,11.280866328758465
1487.456,0.8102272748947144,-1.1612041632281702,0.5982813835144043,0.7809845209121704,0.3691047728061676,-1.0790236631976526,0.2722560167312622,0.011798868887126446,-0.6426612734794617,2.2307677268981934,1.5929912328720093,-2.5568344593048096,-0.13404038049123407,-0.6658270658788703,0.5743104840952787,1.3064322697800892,-1.67076285579847,1.9100136800860905,0.01240897213705422,0.010913604977082042,0.0027033359758591603,0.28441284650411913,1.446847629394573,-1.0826477128135816,0.8103847837499508,-1.1620013303401677,0.5990203206173127,0.7792676056697918,0.370761613474033,-1.0797764857777654,0.263587165447016,0.01506721903511532,-0.6057014969947783,2.068002779542506,1.5508298427173643,-2.4186372538887033,0.6996063572867819,-5.384989111554828,10.515569923277097,-27.402198938625165,-1.928904807801779,25.305139442956648
1487.464,0.812394917011261,-1.1613600889789026,0.5935578346252441,0.7970603704452515,0.3817758560180664,-1.0984604994403284,0.26546815037727356,-0.01890631392598152,-0.5395522117614746,1.8798456192016602,1.54289710521698,-2.2438066005706787,-0.1340110544513907,-0.6657872167836844,0.5744134429262389,1.3065543284271277,-1.6699666628162224,1.8927780719704863,-0.003692193362769546,-0.00067186632775323,0.00049092457233808,0.24346135286699888,1.372436230608631,-1.0461613899482318,0.8125131955356614,-1.162029455199284,0.5944735315044534,0.7950196484522832,0.38309728837620816,-1.0983867028454775,0.268382945831703,-0.021019905452074106,-0.5327058563336311,1.8738900914721597,1.5326607199621176,-2.237168699996259,0.5994725480858789,-4.5108905608986785,9.124455082643395,-24.26408600879329,-2.271140344405842,22.683569236555567
1487.472,0.8145629167556763,-1.1617077032672327,0.5895776748657227,0.8113242387771606,0.3938716650009155,-1.115730110798971,0.2714379131793976,-0.057856641709804535,-0.4678513705730438,1.7513986825942993,1.526886224746704,-2.1140172481536865,-0.133968856696767,-0.6657643654676599,0.5744428109332991,1.3065103305660202,-1.6696123990587775,1.8767287194473257,0.002403326355617635,0.0049004999554570945,-0.0014752318318615764,0.25551192808586953,1.338563702791384,-1.0189549843052017,0.8146767946743569,-1.1623216321031586,0.5904717056461897,0.809307656582174,0.3952777167932734,-1.115619712958928,0.2723851781413872,-0.05109643935933217,-0.4692133516397534,1.7014721647344972,1.5120644559274523,-2.0739110692316385,0.5002790387105202,-3.759566738407258,7.936563086734711,-21.5522408422078,-2.5745330043331625,20.407203845577538
1487.48,0.8167073726654053,-1.1624029318438929,0.5860285758972168,0.8243764638900757,0.4060637652873993,-1.1323288122760218,0.2764105498790741,-0.08546829968690872,-0.41714051365852356,1.5958434343338013,1.502821922302246,-1.9518468379974365,-0.13397428328628935,-0.6657063827837969,0.5745404888895124,1.3064950764640448,-1.6687016133881984,1.8605345774137165,0.004904698404014044,0.006107489851552305,0.002017331276468624,0.2491095927529542,1.2963301465213775,-0.9904411095326285,0.8168692626244183,-1.1628332148649054,0.5869444354424292,0.822293310263934,0.40728452985221447,-1.1316115236306912,0.2756015307901423,-0.07600054112716137,-0.4138581079794843,1.547857932385919,1.4892957469309023,-1.9265056888698138,0.4020440810943923,-3.11301272097865,6.91940545753364,-19.201779043572287,-2.8460886245687544,18.42567254522809
1487.4879999999998,0.8189472556114197,-1.1632540861712855,0.5828638076782227,0.8364094495773315,0.4180397391319275,-1.1469643751727503,0.2787882387638092,-0.10401668399572372,-0.3718752861022949,1.4507863521575928,1.4790211915969849,-1.819852590560913,-0.133920284347058,-0.6656484063573618,0.5746250343317324,1.3060124054392952,-1.6686710204752702,1.8453461299448015,0.003568872286253244,0.0050839571318341764,0.0025747429466101072,0.23638078851114908,1.269118241259359,-0.9641745265844963,0.8190843471295933,-1.163525771541087,0.5838313668386256,0.8341169400434941,0.41910123097345486,-1.1464806673791337,0.27804090095007017,-0.09645058421885866,-0.3654865136246086,1.4105886377453523,1.464569354467442,-1.7929332095602637,0.3049212699909806,-2.556255386462161,6.046449294359463,-17.158661830070837,-3.090799057932525,16.696559913693758
1487.4959999999999,0.8211868405342102,-1.1642125288592737,0.5800580978393555,0.8472906351089478,0.42952510714530945,-1.161168400441305,0.2812553942203522,-0.11988060176372528,-0.3252934217453003,1.326294183731079,1.4542378187179565,-1.6942099332809448,-0.13383070827468638,-0.6655830620114674,0.5747137182310446,1.3060821941211027,-1.667829575118626,1.830477753419149,0.003039116393141379,0.00419692968311587,0.00033316726693198996,0.23466829842507753,1.2280192665291723,-0.9386830884181839,0.8213158719071421,-1.1643661948388573,0.5810806401456992,0.8449007034209552,0.4307129073162831,-1.1603307047945606,0.27971337875171104,-0.11306200892805696,-0.32312338626700465,1.2875692817416868,1.4380675618790077,-1.6714620592910445,0.2090597252051088,-2.076428088649787,5.295390919700493,-15.377419500458178,-3.3127240735542904,15.183893783652396
1487.504,0.8234391212463379,-1.1652796904193323,0.5776362419128418,0.8570324182510376,0.44126179814338684,-1.1741283575641077,0.27979809045791626,-0.13216523826122284,-0.28694388270378113,1.203000545501709,1.428184151649475,-1.576596736907959,-0.1338788859425255,-0.6655894528266395,0.5747563969815362,1.3055708851660788,-1.6673048626948073,1.8158103600622215,-0.0005641308910871063,0.0029287287543591943,9.587171733994071e-05,0.22422633194716202,1.1943046686152088,-0.9169426616092735,0.8235577460458262,-1.1653259396458884,0.5786475809336599,0.8547512567345721,0.4421059947918695,-1.173252345996576,0.28063021072907,-0.12636224451664912,-0.2859431878277148,1.1770107385819757,1.4099461674419649,-1.5606044425656633,0.1146039971698723,-1.662529448574021,4.647524804911235,-13.819817894963892,-3.5151743046303583,13.857202090672649
1487.512,0.8256670832633972,-1.1664183775531214,0.5754780769348145,0.8660420179367065,0.45239925384521484,-1.1860225836383265,0.2801688015460968,-0.14143303036689758,-0.2482236623764038,1.0928654670715332,1.391680121421814,-1.4859241247177124,-0.1338547369714527,-0.6655539874134314,0.5748063845279646,1.3051491368090662,-1.6669325453883126,1.80201916227888,-0.0004166494498678964,0.001820429111444818,-0.0017661095971573254,0.21028452913680618,1.1698531543996733,-0.8819523117166059,0.8258039731060166,-1.1663803721472998,0.5764936028104067,0.8637620019717879,0.45326808618970044,-1.185325247480801,0.2808037616904637,-0.13680369375527734,-0.2532457455826935,1.0773811449039452,1.3803393133737893,-1.4590790445215065,0.021693870174213647,-1.3051811548285275,4.087180280627655,-12.45369920975381,-3.700856758521942,12.690674755519604
1487.52,0.8279305696487427,-1.1675928274737757,0.5736079216003418,0.8742364645004272,0.46341726183891296,-1.1978452841388147,0.2779061794281006,-0.14751781523227692,-0.22173692286014557,1.0076097249984741,1.3686225414276123,-1.3807026147842407,-0.13385611631388877,-0.6655561472577947,0.5748140491652439,1.3050685722881474,-1.6659319686067868,1.7881844684193013,-0.0035949088972711657,0.0013368720696371288,-0.0028962170824308135,0.21335156605470684,1.122399763614464,-0.8659028968440435,0.8280486599052451,-1.167508215415463,0.5745852883140016,0.8720149773173039,0.46418777408058987,-1.1966195345095567,0.28024747410802325,-0.14477489286698575,-0.2244359055408809,0.9873652289657135,1.3493633857730338,-1.3657795677649387,-0.06953594780505917,-0.9963998889635506,3.6012300052265798,-11.251989492278957,-3.8719909500944394,11.662434594570975
1487.528,0.8301708698272705,-1.1687315146075647,0.5719776153564453,0.8814948797225952,0.4743034243583679,-1.2081354300128382,0.2774076461791992,-0.14822089672088623,-0.19688643515110016,0.9171288013458252,1.3372238874435425,-1.2957104444503784,-0.13395040858686985,-0.665623754996337,0.5747739969062321,1.3043792223542499,-1.6655721005492523,1.7751108849689647,-0.00572982782117339,-0.0013850318034125486,-0.0049006133762830445,0.2038683084020334,1.0912255168987588,-0.8390049100258268,0.8302860249675852,-1.1686910775681483,0.5728936187584764,0.8795824499440353,0.4748545218391676,-1.2071970922999133,0.27897582464949167,-0.15061002645306265,-0.19900654865770484,0.9058303479928055,1.3171201721481878,-1.279748259939315,-0.15895618231644842,-0.7293916982596127,3.1786696103970056,-10.191860121613507,-4.030401703105757,10.753913478202954
1487.5359999999998,0.8324347734451294,-1.1698702017413538,0.5705270767211914,0.8884891271591187,0.48479411005973816,-1.2179473082171839,0.2750683128833771,-0.14657187461853027,-0.17561523616313934,0.8426588177680969,1.2987065315246582,-1.2139301300048828,-0.1339699268657118,-0.6656643447490056,0.5746923315322483,1.3038735895235543,-1.6653947878959785,1.7625681757769396,-0.0065239028831888864,-0.002809870421353122,-0.007367143558494394,0.20067773464475364,1.050411509724778,-0.807705757007118,0.8325104066136102,-1.169913050135234,0.5713933282665213,0.8865282602543775,0.4852585574612847,-1.2171126628128626,0.27700427780714343,-0.15459699855163855,-0.1765244452796919,0.8317981444726968,1.2836994244976823,-1.2001536662765164,-0.24644335529352968,-0.49837151232198784,2.8102629222516162,-9.25402544001358,-4.177593456313189,9.94932420784983
1487.5439999999999,0.8346383571624756,-1.1710570494281214,0.5692195892333984,0.8948718309402466,0.4949496388435364,-1.2276633421527308,0.2737133204936981,-0.15043239295482635,-0.15295067429542542,0.7768893837928772,1.2689616680145264,-1.1373988389968872,-0.13399650378128472,-0.6656881696809666,0.574643148985434,1.3036917622165605,-1.66459143474948,1.75017433864513,-0.00639880720340794,-0.002850493976432936,-0.008182165775172235,0.1985696707583534,1.0118870153153319,-0.7844285704535403,0.8347162706683815,-1.1711603658833836,0.5700623611798342,0.8929089586726618,0.49539078590808394,-1.2264147781889356,0.27434923682100926,-0.1569842581404155,-0.1566184844275278,0.7644208837078404,1.2491809452473803,-1.1262719344876209,-0.33188012326677147,-0.2984074485971183,2.4882451065205147,-8.422157595607048,-4.314809906287742,9.235216473611946
1487.552,0.8368663191795349,-1.172291103993551,0.5680932998657227,0.9006665945053101,0.5051410794258118,-1.236206356679098,0.2703513503074646,-0.15222203731536865,-0.13499031960964203,0.7062783241271973,1.246575117111206,-1.06022047996521,-0.13406649064443887,-0.6657408713027441,0.5745859144375247,1.3029457723077316,-1.6643698428912244,1.7382939470032024,-0.010267263755340072,-0.00439436502074483,-0.007915486415161778,0.19090575613183103,0.9783198308023591,-0.7712933399004931,0.8368982177671108,-1.1724211068799368,0.5688814154863784,0.898774769172635,0.5052427165462567,-1.2351465568747644,0.27102799224101914,-0.15798656241627074,-0.1389698790625592,0.7029616789964074,1.2136362891456067,-1.0574710938140242,-0.41515557249876406,-0.12528803448190462,2.2060756706210745,-7.682400588929133,-4.4430820127217,8.600105084199589
1487.56,0.8389983773231506,-1.1734417120562952,0.5670976638793945,0.9059692621231079,0.5147932767868042,-1.2441390196429651,0.26569825410842896,-0.15497040748596191,-0.11778415739536285,0.649736762046814,1.200387954711914,-1.005308747291565,-0.1341487871605466,-0.6657969890753619,0.5744983427348777,1.3022618798140266,-1.6641942299327634,1.7270762089593559,-0.007514588187036042,-0.002560793003339848,-0.006160726302934599,0.17846326965844062,0.9508893749704161,-0.7344507763788746,0.8390509902413238,-1.173684954965311,0.5678335578459679,0.9041704079030598,0.5148064029195427,-1.2433463842177677,0.2670586685705105,-0.15778984107876426,-0.12330400976920164,0.6467779401201043,1.1771301551582418,-0.9931978181623446,-0.4961654588135772,0.024590167188309753,1.958233661669695,-7.0229673595378905,-4.563266748420613,8.034159456459939
1487.568,0.8411424160003662,-1.1747124830829065,0.5662703514099121,0.9107083082199097,0.5240626931190491,-1.2518203894244593,0.2637679874897003,-0.15503433346748352,-0.10323690623044968,0.5906065702438354,1.168629765510559,-0.9426791667938232,-0.1341527155134645,-0.6658236176281607,0.5744828279450219,1.3018604461482677,-1.663481826344846,1.7162146987934068,-0.007452130526537387,-0.0036565773424562945,-0.0052636398042062715,0.16778478969560617,0.920101497488444,-0.7107961225984022,0.8411694785721754,-1.1749429780237532,0.5669038982713258,0.9091357804203417,0.524074392616507,-1.2510484957062946,0.2624601694958528,-0.15655530354747182,-0.10938362431703352,0.5953074930212656,1.1397215274104386,-0.9329662616952772,-0.5748123843322128,0.1543171914115543,1.7400481815210145,-6.433805887354829,-4.6760784684753975,7.528944558383432
1487.576,0.8431666493415833,-1.175910774861471,0.5654792785644531,0.9152435064315796,0.5332358479499817,-1.2593219915973108,0.2585652470588684,-0.1544463038444519,-0.09091392904520035,0.5522810220718384,1.125678300857544,-0.8834531307220459,-0.1342600353432181,-0.665853010323215,0.5744287914737839,1.3013732387310735,-1.662832916091916,1.705415876586873,-0.005033370205746476,-0.0017797418540345126,-0.004922299128625686,0.1671586136529547,0.8765343656270853,-0.6798567368412833,0.8432487274017152,-1.1761874464950175,0.5660793145859532,0.9137065770122932,0.5330396854228464,-1.2582834780182335,0.25725212223315996,-0.1544229106199131,-0.09700315836941842,0.548056913866695,1.1014646124023593,-0.876348623172228,-0.6510059078366076,0.2665491159448419,1.547558243451888,-5.9063223943213305,-4.782114376009922,7.077204815381155
1487.5839999999998,0.8451552987098694,-1.1771214644061487,0.564795970916748,0.9194425344467163,0.5421217679977417,-1.266045872365133,0.25368207693099976,-0.15210698544979095,-0.08211910724639893,0.5083228945732117,1.0805217027664185,-0.8286612629890442,-0.13435554153963958,-0.6658710490074571,0.5743835851451817,1.300669591257205,-1.662510742544509,1.6952208422431236,-0.0026520815014917194,-0.0010606947256436442,-0.00318765729895776,0.15788870534680327,0.8407848439380485,-0.6464586167108641,0.845283941097135,-1.1774116754659012,0.5653482184907651,0.917914782271874,0.5416956982854799,-1.265078700528985,0.2514548215209811,-0.15151431351611733,-0.08598398325142487,0.5045917005475071,1.0624096103931517,-0.8229671530922859,-0.7246625890223596,0.3635746379744703,1.377396889749194,-5.433151664898481,-4.881875251150941,6.672683759992761
1487.5919999999999,0.8471431732177734,-1.178380314503805,0.5641369819641113,0.9232336282730103,0.5504328608512878,-1.2722318808185022,0.24736718833446503,-0.15043239295482635,-0.07182864844799042,0.4638614356517792,1.038792610168457,-0.775930643081665,-0.13433364938445494,-0.6658528682813462,0.5744327714976121,1.3001533569780146,-1.661928607119107,1.6857460553594887,-0.001962836474108704,-0.0006980617157402102,-0.0016521651575215762,0.14739240906403928,0.8066570272566318,-0.618255603838955,0.8472704888674178,-1.178609888437511,0.5647003564840125,0.9217891123374612,0.5500362358883589,-1.2714586878419434,0.24508917380788997,-0.14793534695288302,-0.07617042072858271,0.464527970919971,1.022603351498982,-0.7724873662053314,-0.7957059641363895,0.44737082040428866,1.2266953153552695,-5.007966203442016,-4.975782361771208,6.309973360869303
1487.6,0.8490003347396851,-1.1796029249774378,0.5636205673217773,0.9267491102218628,0.5585281848907471,-1.27814227739443,0.2388536036014557,-0.15043239295482635,-0.06258641928434372,0.4238101541996002,1.0038466453552246,-0.7309898138046265,-0.13439302276343615,-0.665835119026253,0.574439345542957,1.2995437534696521,-1.6614425154082093,1.6765048623937395,-0.003417881893630527,0.0003373359115723169,0.0005353101966813767,0.13630522809358397,0.7797670136945171,-0.5979030515388808,0.8492039094358699,-1.1797770994991543,0.5641266400421155,0.9253553909567895,0.5580554658597554,-1.2774454421721195,0.23817664212383405,-0.1437781487698837,-0.06742639311977128,0.42752543182622693,0.9820898211621321,-0.7246122624429218,-0.8640664605069903,0.5196497728749139,1.093003451101429,-4.625317386718009,-5.064191292106251,5.984387970301208
1487.608,0.8508684039115906,-1.180765453969137,0.5631651878356934,0.9300006628036499,0.5663838386535645,-1.283717457448141,0.2321040779352188,-0.14689144492149353,-0.05570907145738602,0.38840875029563904,0.958761990070343,-0.6863844990730286,-0.13443471639510668,-0.6658388466139054,0.574425352405304,1.298966517549214,-1.6609878779488358,1.667631204619352,-0.00169985883324456,0.0009171389105839637,0.001995450877718126,0.1266082999261776,0.746514956585558,-0.5665229298952505,0.851079915276029,-1.1809090111710514,0.5636190004264174,0.9286368736695159,0.5657478978089188,-1.2830587229763042,0.2307391921276139,-0.13912296671026148,-0.05963260036781448,0.39328140785854226,0.9409105950224577,-0.679077392864712,-0.9296812495275183,0.5818977574527789,0.9742240939945995,-4.280502995960584,-5.1474032674593,5.691858697276217
1487.616,0.8526648879051208,-1.1819279829608362,0.5627579689025879,0.9328678846359253,0.5738687515258789,-1.2892926375018519,0.22466427087783813,-0.13782817125320435,-0.050212305039167404,0.3575853109359741,0.9122632145881653,-0.6397658586502075,-0.1344711715742457,-0.6658356004397233,0.5744549637609184,1.298647277626653,-1.6600076812018159,1.6589800025301316,-0.0013143483831386537,-6.729941215489727e-05,0.0005378053989172171,0.12285127982845817,0.704703044000704,-0.5354006236689834,0.8528943964221278,-1.182001925621254,0.5631702642682869,0.931654527867616,0.5731083655346957,-1.2883162900305658,0.22279923976801846,-0.13403970286184885,-0.052684134930232274,0.3615257557297614,0.8991051994839533,-0.6356466349802394,-0.9924940449494296,0.6354079810515778,0.8685581796977759,-3.969456516097605,-5.225674442313047,5.428844735559074
1487.624,0.8544378280639648,-1.1829827467547815,0.5623741149902344,0.9355672597885132,0.580862283706665,-1.2942341009723108,0.2180042415857315,-0.13380147516727448,-0.044447094202041626,0.3298777937889099,0.8703423738479614,-0.5940819978713989,-0.13445328674689178,-0.6658419210000126,0.5744610165795679,1.2983047836033754,-1.6593561931999161,1.6510943914746867,0.00036437328790764746,0.0003964365088579329,0.0013570495188548635,0.11766813746107455,0.665556674272857,-0.508079806497002,0.8546434238686418,-1.1830526673315198,0.5627740467331139,0.9344272752245595,0.5801320118666964,-1.2932341151653048,0.2143796009570779,-0.12858923784758486,-0.0464884610838584,0.33201652032234374,0.856711411287439,-0.5941085647100472,-1.0524548513675716,0.6813081267829992,0.7744592307967341,-3.6886544259272096,-5.299223524564287,5.192258783774023
1487.6319999999998,0.8561744093894958,-1.1840136686908167,0.5620265007019043,0.9379671812057495,0.587532639503479,-1.2986844221698206,0.21157430112361908,-0.12702639400959015,-0.03832395374774933,0.29701703786849976,0.8294761776924133,-0.5556126832962036,-0.1344172272336828,-0.6658530480781532,0.5744910936401502,1.2978934845362442,-1.6587457077099654,1.6437142633527442,0.0006178224035084143,-0.0010355371143903795,0.0009991311567996214,0.10833683191878235,0.6343644346041699,-0.48066854168087547,0.8563232525764534,-1.1840585155947192,0.5624246595977462,0.9369722019350829,0.586814275696113,-1.2978265670441802,0.20550344360649875,-0.12282456983951612,-0.040963698123339554,0.30453621324106817,0.8137655069950216,-0.5542733311415446,-1.1095196688223932,0.7205835010085926,0.6905953700648559,-3.4350383851594475,-5.368238036552175,4.979404196062825
1487.6399999999999,0.857839822769165,-1.1850321928607386,0.5617508888244629,0.9401503801345825,0.5939512848854065,-1.3027761618243616,0.20073416829109192,-0.12151684612035751,-0.03308285400271416,0.2786571979522705,0.7837443947792053,-0.5190368294715881,-0.13439512150545058,-0.6658602273524095,0.5745231674164829,1.2973963854380643,-1.6582237753263687,1.6366961957549837,0.0009461063227778801,0.0002528212370462971,0.0005439982692050651,0.10630828542244067,0.5954059605430868,-0.4530682597120945,0.8579303241058247,-1.1850171454827683,0.5621170320163026,0.9393047413378357,0.5931508808325353,-1.3021065726867675,0.1961942423360946,-0.11679179762510142,-0.036037157505686035,0.2788886149823848,0.7703024713536519,-0.5159699558083455,-1.1636501588005201,0.7540965268018375,0.6158175772066898,-3.205949782335418,-5.432879455171208,4.787921916649895
1487.648,0.8594205975532532,-1.1858952681170862,0.5615348815917969,0.942142128944397,0.6000587940216064,-1.3067238966571253,0.19365230202674866,-0.11504856497049332,-0.027458256110548973,0.25603097677230835,0.7435732483863831,-0.4837073087692261,-0.13442285512979602,-0.6659084468542784,0.5744795990292171,1.2969689800791206,-1.657754950674896,1.6299821554086564,0.00171905279682685,-0.00033685650399836286,-0.0005086026821291072,0.10240178027513747,0.5606416595230952,-0.4269549311316643,0.8594612688985077,-1.1859265761381534,0.5618466421134543,0.941438832770783,0.599137826388187,-1.3060857588617463,0.18647573609225446,-0.11053097214752544,-0.03164409258623768,0.2548960184650571,0.7263561719060425,-0.47904399108343865,-1.2148132804800162,0.7826031846969971,0.5491331149310441,-2.999074564665964,-5.4932874309511766,4.615745590613354
1487.656,0.8609299063682556,-1.186793629323141,0.5613431930541992,0.9440978765487671,0.6056872606277466,-1.3103850523578089,0.18191733956336975,-0.10812008380889893,-0.025719745084643364,0.22714900970458984,0.6979133486747742,-0.44969606399536133,-0.13437252351063092,-0.6659021497061991,0.574482514036863,1.2966578958811272,-1.6573089551535047,1.6238044941128542,0.0003528077255738029,-0.0007262922948871119,0.0009808783907739801,0.08916852537316308,0.5318597502338046,-0.4002541846755248,0.8609129082331956,-1.1867851254208688,0.5616094578457332,0.9433870599076128,0.604771378444789,-1.3097745759978343,0.17637188888911684,-0.10407683692443603,-0.027726626682737898,0.23239684532274796,0.6819595059531538,-0.44335548287144627,-1.2629809003922021,0.8067669028861759,0.489683237937473,-2.8123966427886433,-5.549583244111089,4.461063526499047
1487.664,0.8624027967453003,-1.1875970999347132,0.5611391067504883,0.9457296133041382,0.6108962297439575,-1.3138182798968714,0.17009291052818298,-0.09972153604030609,-0.021411815658211708,0.20790234208106995,0.6456381678581238,-0.4129045009613037,-0.13430010103859327,-0.66592699259711,0.5745001412248076,1.2964941443597136,-1.6566198861807673,1.6180784003054682,0.0008928023287218276,-0.0006288848031982551,-0.00011145922822185933,0.08520045129138867,0.4896433094218937,-0.3682149798631634,0.8622822558798647,-1.1875913700921679,0.561401885821629,0.9451607713210294,0.6100480628025868,-1.3131824068574227,0.16590685381097592,-0.09745947443846534,-0.02423283099000023,0.2112435775962091,0.6371445248945681,-0.4087771915661575,-1.3081293847676152,0.827170310746337,0.43672446159220835,-2.6441584658173576,-5.601872632323215,4.322286413161097
1487.672,0.8637566566467285,-1.188376251851217,0.5609951019287109,0.9473971128463745,0.6157461404800415,-1.3169406096087855,0.15782105922698975,-0.09284418821334839,-0.01751294732093811,0.189518541097641,0.609685480594635,-0.37870150804519653,-0.13422542822734465,-0.6659180045551247,0.5744971334563255,1.2962835101302783,-1.6562399036257678,1.6127906293966574,-0.002379505033558418,-0.0009064209629596918,-0.0013451403198313314,0.0827186728480186,0.45437274327813626,-0.3517738883676961,0.8635665194794835,-1.1883441108419692,0.5612207269794557,0.946770185598076,0.6149646586477185,-1.3163176618795411,0.15510494036587918,-0.0907048728549984,-0.021115928611416424,0.19130095670578412,0.5919425401064409,-0.3751930324937502,-1.3502391806370917,0.8443251979333676,0.389612797322976,-2.492827611303122,-5.6502480985159,4.198019884050913
1487.6799999999998,0.8649543523788452,-1.189071003590719,0.560875415802002,0.948764443397522,0.6204285621643066,-1.3199074904071253,0.14726215600967407,-0.08318010717630386,-0.01636246219277382,0.17307618260383606,0.567836582660675,-0.34574490785598755,-0.1342684453697446,-0.6659376234113538,0.574479718047997,1.2959512172573988,-1.6557664716428655,1.607626884657019,-0.0035249011559792725,-0.0018398517361607086,-0.0028206461012663503,0.07993729054283505,0.41735781419175993,-0.3280069422007538,0.8647631016761856,-1.18904234157237,0.5610631381958903,0.9482244829790467,0.6195181930045204,-1.319187862813255,0.14399058524702568,-0.08383542516793391,-0.018333604851093754,0.17244440919323117,0.5463842138143005,-0.34249670306352853,-1.3892943898566879,0.8586809608830611,0.34779047004033364,-2.3570684390691183,-5.694790786517551,4.0870411787777075
1487.6879999999999,0.8661040663719177,-1.1897061506854456,0.5607552528381348,0.950060248374939,0.6246200799942017,-1.3226831595050257,0.13371199369430542,-0.07815632224082947,-0.01302605401724577,0.15625032782554626,0.5122537016868591,-0.3128122389316559,-0.1342449871469482,-0.6659478581423698,0.5744688784354194,1.295815662008591,-1.655256040211974,1.6029798145872152,-0.0018414061819837148,-0.0002290802541246509,-0.0014983475137877785,0.07186445602420659,0.3787233327077417,-0.2943580057112873,0.8658696010290997,-1.189685222438479,0.5609265990433308,0.9495318851936242,0.6237059358644035,-1.3217997160210535,0.13258832648368213,-0.07687037095959226,-0.01584740716699673,0.1545586650435608,0.5004996377974925,-0.31059046884824504,-1.4252823454179442,0.8706317760427059,0.31077471051212807,-2.235718018708796,-5.735572002100994,3.9882792769104363
1487.696,0.8671223521232605,-1.19029409090151,0.5606474876403809,0.9511886835098267,0.6285119652748108,-1.3250158468829554,0.12040471285581589,-0.07108722627162933,-0.011185277253389359,0.13453491032123566,0.46671366691589355,-0.2841220200061798,-0.13426441531760877,-0.665956006558457,0.5744647747395817,1.2954924012459192,-1.65494117423432,1.5987675885340482,-0.0035106311804275936,-0.0005265019320061727,-0.0008202962765015598,0.06114870213117313,0.3491789388900893,-0.26932955265459146,0.8668838127308208,-1.1902720562232147,0.5608088830365787,0.95069972491563,0.6275253959037206,-1.3241591766265204,0.12092278093770764,-0.06982618945026448,-0.013622220756099479,0.1375365395689343,0.4543184022865142,-0.2793840849432704,-1.4581931932468108,0.880522688665973,0.27814830136215635,-2.127765684328313,-5.772654438872288,3.9007979881218318
1487.704,0.8680328130722046,-1.190869156514303,0.560539722442627,0.9522563219070435,0.6320207118988037,-1.32707387605776,0.10806895047426224,-0.06408204883337021,-0.011837218888103962,0.12082496285438538,0.41896852850914,-0.24943967163562775,-0.1342685138887518,-0.6659365491322359,0.5744863049554227,1.29516952228987,-1.6546939898013953,1.5949880436991002,-0.0030568090386216377,9.973796158562442e-05,0.00018622247947639933,0.05543457003737648,0.3097651151364447,-0.24252916395492635,0.8678037291589193,-1.1908022676865277,0.5607080328122891,0.9517345060435172,0.6309743167201614,-1.326271504505634,0.10901862504708693,-0.06271695119170803,-0.011625807960952528,0.12127785415908487,0.407869656991371,-0.24879383239763692,-1.4880194863275895,0.8886547823195555,0.2495515993933689,-2.0323356762311784,-5.8060931618929,3.823781568204183
1487.712,0.8688469529151917,-1.1913369337665003,0.5604796409606934,0.9530960321426392,0.6350744366645813,-1.3288806120501917,0.09736943244934082,-0.059492889791727066,-0.008104532025754452,0.10742659866809845,0.37110352516174316,-0.22187595069408417,-0.1342784478070822,-0.6659442426490906,0.574481533676724,1.2949246987943501,-1.6544288914693541,1.5916980286451357,-0.0009265681715799751,0.0010201417917093804,0.0006920087554230406,0.04938696600586668,0.2754788042688891,-0.21275836489973302,0.8686275402859729,-1.1912753855841007,0.5606223387719436,0.9526419558307752,0.6340506735313506,-1.328141312971093,0.09690057868487308,-0.055554634713871814,-0.009828401444022528,0.10568847475024376,0.36118216586193286,-0.2187416523617593,-1.5147557952767312,0.8952895597295271,0.22467581461625002,-1.9486724261051391,-5.835936391179769,3.7565225044847024
1487.72,0.8695417046546936,-1.1918161551104944,0.560431957244873,0.9539238214492798,0.6377925872802734,-1.3305071035968226,0.08434338122606277,-0.05008447542786598,-0.005420065484941006,0.08933041244745255,0.3299257159233093,-0.19145998358726501,-0.13428115408883717,-0.6659137053369795,0.5745023522071057,1.2946902426043978,-1.654214937820166,1.5887416761843847,-0.003894353597736737,-0.00041360752973952473,-0.0010970138192644187,0.04453434622821428,0.24062822915563525,-0.19225711944332338,0.8693536339722967,-1.1916910270973364,0.5605503207933092,0.9534270697334752,0.6367526702908416,-1.3297726108700942,0.08459339194744135,-0.048349413538687186,-0.008202342567259158,0.0906794498215546,0.3142843568777197,-0.18915436297614108,-1.5383983421789655,0.9006526468980786,0.20325735959542124,-1.8761281160861454,-5.862226123026643,3.6984111732022775
1487.7279999999998,0.8701764941215515,-1.1921637693988245,0.5603957176208496,0.9545477628707886,0.640055775642395,-1.33181077638735,0.07213544845581055,-0.04520130157470703,-0.005483981221914291,0.07545268535614014,0.28198882937431335,-0.16624517738819122,-0.13426836222706767,-0.66592086385348,0.574495451959811,1.2945229892411587,-1.6540472138526994,1.586340330961142,-0.0026194895350867115,0.0006345546044644136,0.0009685740033222439,0.03450445337514019,0.21094791134698787,-0.16363568733755776,0.8699805961640983,-1.1920488844568053,0.5604907126789781,0.9540941497065724,0.6390787371862602,-1.331168838704155,0.07212183467902945,-0.041109918260082104,-0.006721757605537226,0.07616623214197754,0.2672043679503704,-0.15996294597511468,-1.5589446585514872,0.9049369098256352,0.18507312021524142,-1.8141522099471319,-5.884998615918666,3.6489271251282998
1487.7359999999999,0.8707277178764343,-1.1924994627581995,0.5603718757629395,0.9550997018814087,0.6419841051101685,-1.3329475561725062,0.06097573786973953,-0.03762087970972061,-0.005586246959865093,0.0607600212097168,0.23100793361663818,-0.13863351941108704,-0.13423706513108996,-0.6659110495866704,0.5745075163798345,1.2944087517493772,-1.6538626706003785,1.5842830597057624,-0.0007667729545632743,0.000550498358209807,0.0017532479263931095,0.02574489272606925,0.17698777709331776,-0.13159773647718795,0.8705072110178924,-1.1923487135764077,0.5604424490653754,0.9546468365627516,0.6410275284919864,-1.3323328992822248,0.05951068847499262,-0.033843477783894585,-0.005362265423741852,0.06206797050873601,0.2199700897905826,-0.13110189162006286,-1.576393275504604,0.9083050595234399,0.16993652272442178,-1.7622827041551912,-5.904284769973473,3.607631794381477
1487.744,0.8711108565330505,-1.1927512327777308,0.5603480339050293,0.9554954767227173,0.6435409188270569,-1.3338688055621546,0.04832039400935173,-0.028928320854902267,-0.003272492438554764,0.04367051646113396,0.19167570769786835,-0.10009224712848663,-0.13426340245102708,-0.6659064182771999,0.574513902519188,1.2942564458871382,-1.6536945266827097,1.582580512093253,-0.0035689841585706227,-0.0008438719209543602,0.00032254657953971965,0.022794152292718035,0.13471304435735731,-0.11426849929274908,0.8709324609700361,-1.1925903245463312,0.5604046545633778,0.9550881369041844,0.6425979207550814,-1.3332671833326089,0.04678474090848925,-0.026556343346340806,-0.004100711035633253,0.0483068593381305,0.17260920645416405,-0.10250859189266036,-1.5907434458129217,0.9108918046942223,0.15769429851357486,-1.7201388963256885,-5.920110417052319,3.574162465925313
1487.752,0.8714943528175354,-1.1929190794574183,0.5603837966918945,0.9558075666427612,0.64475017786026,-1.3345983664142054,0.03566505387425423,-0.019392075017094612,-0.0019302591681480408,0.025262746959924698,0.13805827498435974,-0.08333830535411835,-0.13423812139643904,-0.6659274690404187,0.5744779152774503,1.2942358162869265,-1.6536166741913667,1.5813074609937308,-0.003040341705239777,-0.0019242644044315225,-5.442086243505629e-05,0.010403922464820303,0.11052387587715806,-0.07919485669384452,0.8712555267679756,-1.1927735738599896,0.5603766349433505,0.9554204450460969,0.6437890112982007,-1.333973590423251,0.03396878168192358,-0.01925389850544012,-0.0029149201565761007,0.03480753532001393,0.12514923412790335,-0.07412277297317493,-1.6019949033207088,0.9128056051125859,0.14822385988214407,-1.6874155022645714,-5.932496540782588,3.548227364935678
1487.76,0.8717093467712402,-1.1930506865130823,0.5603480339050293,0.9559751749038696,0.6455048322677612,-1.3351133505450647,0.02064482495188713,-0.013294500298798084,-0.0,0.017736652866005898,0.09733587503433228,-0.041441451758146286,-0.1342293110035773,-0.6659261781603488,0.5745003388940919,1.2942354018155002,-1.653395437057072,1.5804538275292446,-0.005348194773321573,-0.0009780847149195022,-0.0008504476083150319,0.012877787746556074,0.060416988600792115,-0.06368995424969262,0.8714757874773745,-1.1928983582746255,0.5603578702147354,0.9556455602690173,0.6446001170273157,-1.3344535454717033,0.02108760039171098,-0.011940858022286574,-0.001783470325275427,0.021496511388668732,0.07761755861362242,-0.04588595889396559,-1.6101476612765744,0.9141300603941931,0.14143122891258422,-1.66387799141815,-5.941459439285117,3.529601759901168
1487.768,0.8718051910400391,-1.1930745283709925,0.5603718757629395,0.9560595750808716,0.6459834575653076,-1.3353522459613245,0.008372978307306767,-0.005381715949624777,-0.0,0.014381070621311665,0.022458437830209732,-0.015915051102638245,-0.13427395138527834,-0.6659475604325645,0.5744612584717622,1.294139152018896,-1.6534465539185788,1.579947617278923,0.0028195919902734567,0.0012695912244663232,-8.491188140602002e-05,0.007534075934015745,0.014857055404698494,-0.009894312799756517,0.8715928204766936,-1.1929646102273868,0.5603480094837331,0.9557646996621699,0.6450307735353359,-1.334708011064082,0.00816598557249306,-0.004621458273120008,-0.0006854746185554692,0.008301639110936091,0.030041471877056428,-0.017740958942498497,-1.61520185240224,0.9149249686458207,0.13724946333999472,-1.64935903471658,-5.947010842070749,3.518124993933386
1487.7759999999998,0.8719010949134827,-1.1930630842791956,0.5603957176208496,0.9560235738754272,0.6459954380989075,-1.335412327443258,0.005381715949624777,-0.0025949841365218163,-0.0,0.005177185405045748,-0.027851339429616928,-0.005824333522468805,-0.1342213394539058,-0.6659708514158587,0.5744475798318992,1.2942665164352793,-1.653358763581056,1.5799577388604857,0.011966385638219033,0.0022527819616395394,0.0027949366222051884,-0.005057655416057211,-0.0029634169000123814,0.03289764904751448,0.8716134398339156,-1.1929762783948998,0.560346278627825,0.9557856577835014,0.6451066257675699,-1.3347527947105675,1.4841021777622999e-06,-6.545666919334746e-07,-4.883386980910204e-07,1.907838071643001e-06,5.4611765338948605e-06,-5.120513919984542e-07,-1.0205626837894122,0.5776004633035093,0.08562328498217227,-1.037466409108056,-3.754501337565317,2.217555861388312
1487.7839999999999,0.8717812299728394,-1.1930630842791956,0.5603957176208496,0.9559513330459595,0.645923912525177,-1.3352926413165491,-0.004870389122515917,-0.0025949841365218163,0.0003579288604669273,-0.04784102737903595,-0.008988169021904469,0.037031255662441254,-0.13428944561710943,-0.6659588907953302,0.5744613316222934,1.2941197377799971,-1.6533998064432012,1.5800156258090385,-0.004489424085761171,-0.003138811329779555,0.0078985011830183,-0.03112425173173517,-0.005209089761648959,-0.0033502741681308507,0.8716134398339156,-1.1929762783948998,0.560346278627825,0.9557856577835014,0.6451066257675699,-1.3347527947105675,0.0,0.0,0.0,0.0,0.0,0.0,-0.00018551277222028748,8.182083649168432e-05,6.104233726137755e-05,-0.0002384797589553751,-0.0006826470667368576,6.400642399980676e-05
1487.792,0.8717692494392395,-1.193014923726217,0.5603957176208496,0.955579400062561,0.6458040475845337,-1.3353522459613245,-0.004704207647591829,-0.0018791265320032835,0.0003579288604669273,-0.021595574915409088,-0.009755159728229046,-0.003043993143364787,-0.13431544593161948,-0.6660093442112006,0.5744865925033297,1.294230437962292,-1.6529269230473362,1.5800535997874892,-0.002031958445761933,-0.0005332743690081977,0.004286854448367754,-0.020422942685683683,0.01535146977833778,0.005226292627198514,0.8716134398339156,-1.1929762783948998,0.560346278627825,0.9557856577835014,0.6451066257675699,-1.3347527947105675,0.0,0.0,0.0,0.0,0.0,0.0,0.0,0.0,0.0,0.0,0.0,0.0
1487.8,0.8717572689056396,-1.1929667631732386,0.5604076385498047,0.955579400062561,0.6458399891853333,-1.3352087179767054,-0.0023521038237959146,-0.001342233270406723,0.0003579288604669273,-0.005872270558029413,-0.008077368140220642,0.03377154842019081,-0.13434827189576937,-0.6660283040259313,0.5744501954850224,1.2941020054709986,-1.6531446153496072,1.5801033793200077,0.0003605974475407368,0.000572209836947372,0.0019139160884066118,0.0013853653294650745,-0.02965576649157264,-0.0012308741530412046,0.8716134398339156,-1.1929762783948998,0.560346278627825,0.9557856577835014,0.6451066257675699,-1.3347527947105675,0.0,0.0,0.0,0.0,0.0,0.0,0.0,0.0,0.0,0.0,0.0,0.0
1487.808,0.8717213273048401,-1.1929190794574183,0.5604677200317383,0.9555555582046509,0.6457441449165344,-1.3351367155658167,-0.0015595471486449242,0.0011121360585093498,0.0003579288604669273,-0.003403519978746772,-0.017377126961946487,0.015986956655979156,-0.134368228239806,-0.6660428891373551,0.5744047617114986,1.294089765558555,-1.6532785382078148,1.580218229915845,0.0027211702461807366,0.0003068271346459786,0.0007749555051243566,-0.0010693254572949331,-0.018208940906423332,0.011827833090856483,0.8716134398339156,-1.1929762783948998,0.560346278627825,0.9557856577835014,0.6451066257675699,-1.3347527947105675,0.0,0.0,0.0,0.0,0.0,0.0,0.0,0.0,0.0,0.0,0.0,0.0
1487.816,0.8716498017311096,-1.192895237599508,0.5604557991027832,0.9555555582046509,0.6457321643829346,-1.3349931875811976,-0.0014828480780124664,0.0011121360585093498,0.0003579288604669273,-0.0023968450259417295,-0.010282465256750584,0.0249751266092062,-0.1344195350356015,-0.6660406897802809,0.5743965937168595,1.2939347321682197,-1.6534440404700206,1.580272031462416,0.0010528214760559772,3.660285054691923e-05,0.0001707097384820454,0.0033300201482223965,-0.025653010541653302,0.0034260565701443218,0.8716134398339156,-1.1929762783948998,0.560346278627825,0.9557856577835014,0.6451066257675699,-1.3347527947105675,0.0,0.0,0.0,0.0,0.0,0.0,0.0,0.0,0.0,0.0,0.0,0.0
1487.8239999999998,0.8716378211975098,-1.1928232351886194,0.5604557991027832,0.9555555582046509,0.6456722021102905,-1.3348258177386683,-0.004601942375302315,0.0030935280956327915,0.001035437104292214,-0.0018455707468092442,-0.041800979524850845,0.021451763808727264,-0.13443461216433167,-0.6660626880174305,0.5743577052201277,1.2938605429089953,-1.6536554747970216,1.5804230003588124,0.006412248549854259,0.0013743867523651823,0.0007567390790860473,-0.0014249908940593952,-0.0321061059345053,0.03087759882578058,0.8716134398339156,-1.1929762783948998,0.560346278627825,0.9557856577835014,0.6451066257675699,-1.3347527947105675,0.0,0.0,0.0,0.0,0.0,0.0,0.0,0.0,0.0,0.0,0.0,0.0
1487.8319999999999,0.8716733455657959,-1.1928470770465296,0.5604557991027832,0.9555433988571167,0.6455763578414917,-1.3348496595965784,-0.002684466540813446,0.002684466540813446,0.001035437104292214,-0.0014860439114272594,-0.009251821786165237,-0.01835983246564865,-0.13438017665244278,-0.6660549438161218,0.574379913071575,1.293980849222129,-1.6535373451878335,1.5805126903813485,-0.0004567047329431091,-0.0003862320130630323,-0.0012469486543553994,-0.004651781891069002,0.013730776462580276,0.009664398392139924,0.8716134398339156,-1.1929762783948998,0.560346278627825,0.9557856577835014,0.6451066257675699,-1.3347527947105675,0.0,0.0,0.0,0.0,0.0,0.0,0.0,0.0,0.0,0.0,0.0,0.0
1487.84,0.871661365032196,-1.1928351561175745,0.5604557991027832,0.955579400062561,0.6455527544021606,-1.3348496595965784,-0.0016490294365212321,0.0017129452899098396,0.001035437104292214,-0.001270327833481133,-0.0041944789700210094,-0.00695085059851408,-0.13438258671126035,-0.6660526188455668,0.5743699631328119,1.2939859326227858,-1.6535870996703763,1.5805311881681428,-0.0007358244958093956,-0.00040460942138523503,-0.0010363739250502646,-0.0014170315761259955,0.004621104042034538,0.0036854189520161952,0.8716134398339156,-1.1929762783948998,0.560346278627825,0.9557856577835014,0.6451066257675699,-1.3347527947105675,0.0,0.0,0.0,0.0,0.0,0.0,0.0,0.0,0.0,0.0,0.0,0.0
1487.848,0.8716498017311096,-1.1929310003863733,0.560420036315918,0.9555555582046509,0.6454329490661621,-1.3347895781146448,-0.0016490294365212321,0.001252750982530415,0.001035437104292214,-0.0010785802733153105,-0.013685985468327999,0.006591323763132095,-0.1343299801862405,-0.666009387351625,0.5744538974237734,1.2940214293967818,-1.6534152826065969,1.5806529571570853,0.0018465611076738946,0.00028162897813553597,-0.0001431459804975347,-0.0002160659170440417,-0.01039708074914639,0.01005431655051822,0.8716134398339156,-1.1929762783948998,0.560346278627825,0.9557856577835014,0.6451066257675699,-1.3347527947105675,0.0,0.0,0.0,0.0,0.0,0.0,0.0,0.0,0.0,0.0,0.0,0.0
1487.856,0.8716733455657959,-1.1929548422442835,0.560431957244873,0.955579400062561,0.6453250646591187,-1.3348377386676233,-0.0016490294365212321,0.0009843043517321348,0.0009715211926959455,-0.0007909588748589158,-0.017353158444166183,0.006591323763132095,-0.1342778908332975,-0.665996298785091,0.5744672384064552,1.2941538303215234,-1.6533301176894106,1.5807365606253347,0.002895408652051796,0.0006084735021473457,0.0002579676985613225,-0.0009879074622020504,-0.011267641662847546,0.013530428655050775,0.8716134398339156,-1.1929762783948998,0.560346278627825,0.9557856577835014,0.6451066257675699,-1.3347527947105675,0.0,0.0,0.0,0.0,0.0,0.0,0.0,0.0,0.0,0.0,0.0,0.0
1487.864,0.8716853857040405,-1.1929906050311487,0.560420036315918,0.9556034803390503,0.6451932191848755,-1.3348496595965784,-0.001291100517846644,-0.00020453077740967274,0.0008053399506025016,-0.0007909588748589158,-0.015675365924835205,0.0038109836168587208,-0.13422223514443593,-0.6659743276490562,0.5744997617838168,1.2942685921902488,-1.6532308225379952,1.5808528654856413,0.0030851117946715818,0.0009262216735052906,0.0009264398965441674,-0.0023680418117088277,-0.007342942293453699,0.012836077190625865,0.8716134398339156,-1.1929762783948998,0.560346278627825,0.9557856577835014,0.6451066257675699,-1.3347527947105675,0.0,0.0,0.0,0.0,0.0,0.0,0.0,0.0,0.0,0.0,0.0,0.0
1487.8719999999998,0.8716973662376404,-1.1929429213153284,0.5603957176208496,0.9556273221969604,0.6450498104095459,-1.3348258177386683,-0.0010098706698045135,-0.00020453077740967274,0.000690291344653815,-0.0007909588748589158,-0.012056130915880203,0.002588592702522874,-0.13418893530052994,-0.6659819027185496,0.5744887896247819,1.2943696763389996,-1.6532398879433847,1.5810069243282256,0.002355484186135821,0.000707902291240127,0.0007322295286312468,-0.002027001313978748,-0.005220457834667397,0.009922480411163346,0.8716134398339156,-1.1929762783948998,0.560346278627825,0.9557856577835014,0.6451066257675699,-1.3347527947105675,0.0,0.0,0.0,0.0,0.0,0.0,0.0,0.0,0.0,0.0,0.0,0.0
1487.8799999999999,0.8716733455657959,-1.1929429213153284,0.5604076385498047,0.9556392431259155,0.6451336741447449,-1.3348258177386683,-0.0008309062686748803,-0.00020453077740967274,0.0006008091731928289,0.0024447820615023375,-0.005872270558029413,0.0019414444686844945,-0.13422594465669968,-0.6659825777113648,0.5744764032226556,1.294284718441016,-1.6533130125566449,1.580919689886645,0.0011946328746396846,0.0007183937764647032,-4.5710260242700214e-05,0.0014703872320331914,-0.005110167961863172,0.004349366268346134,0.8716134398339156,-1.1929762783948998,0.560346278627825,0.9557856577835014,0.6451066257675699,-1.3347527947105675,0.0,0.0,0.0,0.0,0.0,0.0,0.0,0.0,0.0,0.0,0.0,0.0
1487.888,0.871661365032196,-1.192906681691305,0.5604557991027832,0.955687403678894,0.645121693611145,-1.3348138968097132,-0.0007030745618976653,-0.00020453077740967274,0.0005241101025603712,0.0024447820615023375,-0.003403519978746772,0.0015579493483528495,-0.13424058470373007,-0.6659918615383631,0.5744285028908654,1.2942744553714969,-1.6534757402520988,1.580942349184124,0.0006543424561047832,0.0005776575214761003,-0.00017899556926669383,0.0018145954780516677,-0.004091207921987363,0.0022104409504150367,0.8716134398339156,-1.1929762783948998,0.560346278627825,0.9557856577835014,0.6451066257675699,-1.3347527947105675,0.0,0.0,0.0,0.0,0.0,0.0,0.0,0.0,0.0,0.0,0.0,0.0
1487.896,0.8716498017311096,-1.1928709189044397,0.5604076385498047,0.955687403678894,0.6451097130775452,-1.3348258177386683,-0.0006135923322290182,-0.00020453077740967274,0.000472977408207953,0.003930825740098953,-0.0023968450259417295,0.001318264752626419,-0.13425355949445908,-0.6659996691419707,0.5744291581478025,1.2942788296115786,-1.6534502336091421,1.5809384223052767,0.0005943960450482967,0.0006780239828123774,-0.0004077314576170802,0.003058187656672654,-0.004538403245312794,0.0013857227199601235,0.8716134398339156,-1.1929762783948998,0.560346278627825,0.9557856577835014,0.6451066257675699,-1.3347527947105675,0.0,0.0,0.0,0.0,0.0,0.0,0.0,0.0,0.0,0.0,0.0,0.0
1487.904,0.8716378211975098,-1.1928589979754847,0.5604557991027832,0.9556273221969604,0.6450737714767456,-1.3348258177386683,-0.0005368932615965605,-0.00020453077740967274,0.00043462790199555457,0.003930825740098953,-0.0018455707468092442,0.0011265171924605966,-0.13426430433954073,-0.6660104287678059,0.574410713830973,1.29429274463146,-1.6534394518491247,1.5809639282008903,0.000507045163424574,0.0006415882834544212,-0.00042818151068667445,0.0030928529578511344,-0.004196354701992078,0.0009769799804198172,0.8716134398339156,-1.1929762783948998,0.560346278627825,0.9557856577835014,0.6451066257675699,-1.3347527947105675,0.0,0.0,0.0,0.0,0.0,0.0,0.0,0.0,0.0,0.0,0.0,0.0
1487.912,0.8716498017311096,-1.1928470770465296,0.5604796409606934,0.9556392431259155,0.6450857520103455,-1.3348014990436,-0.00048576059634797275,-0.00020453077740967274,-0.0,0.0032357408199459314,-0.0014860439114272594,0.0009827064350247383,-0.1342633964793562,-0.6660174226959972,0.5743908451639895,1.2942812531851873,-1.653516419781245,1.5809785792891262,0.00041176405558537214,0.0005701812505466072,-0.00017585151868462933,0.0022645011429649857,-0.003245508137259251,0.0007185188050953246,0.8716134398339156,-1.1929762783948998,0.560346278627825,0.9557856577835014,0.6451066257675699,-1.3347527947105675,0.0,0.0,0.0,0.0,0.0,0.0,0.0,0.0,0.0,0.0,0.0,0.0
1487.9199999999998,0.871661365032196,-1.1928470770465296,0.5604915618896484,0.9556273221969604,0.645121693611145,-1.3348258177386683,0.0,-0.00020453077740967274,-0.0,0.0023009711876511574,-0.001270327833481133,0.0008868326549418271,-0.13426663454846471,-0.6660229603950303,0.5743846383906316,1.2942825184074478,-1.6535054939882698,1.5809388759248812,0.0005957478808864164,0.0003921639482673216,-7.536265565209344e-05,0.00156817376620119,-0.0025008833734679885,0.001022295143591082,0.8716134398339156,-1.1929762783948998,0.560346278627825,0.9557856577835014,0.6451066257675699,-1.3347527947105675,0.0,0.0,0.0,0.0,0.0,0.0,0.0,0.0,0.0,0.0,0.0,0.0
1487.9279999999999,0.8716853857040405,-1.1928589979754847,0.5604557991027832,0.9557117223739624,0.6451336741447449,-1.3348258177386683,0.0,-0.00020453077740967274,-0.0,0.001797633827663958,-0.0010785802733153105,0.0007909588748589158,-0.13424027927499266,-0.6660107725484239,0.5743962615190716,1.2942983870565539,-1.653543400361258,1.5809451656252942,0.0005013218376032125,0.00032749799621360716,-2.6352286067181737e-05,0.0011976238775474508,-0.002039356846641921,0.0008611934383349946,0.8716134398339156,-1.1929762783948998,0.560346278627825,0.9557856577835014,0.6451066257675699,-1.3347527947105675,0.0,0.0,0.0,0.0,0.0,0.0,0.0,0.0,0.0,0.0,0.0,0.0
1487.936,0.8716733455657959,-1.1928709189044397,0.5604677200317383,0.9556995630264282,0.6451097130775452,-1.3348377386676233,0.0,-0.00020453077740967274,-0.0,0.0015819177497178316,0.0,0.0007190534961409867,-0.13424026746807685,-0.6660056158282663,0.5744012510182935,1.2943108697581893,-1.653513239507697,1.5809516686735918,0.00020663730991635337,0.000247774973875602,-7.285321230736403e-05,0.0012320852721373278,-0.0015676828116110045,-0.00014663448548595307,0.8716134398339156,-1.1929762783948998,0.560346278627825,0.9557856577835014,0.6451066257675699,-1.3347527947105675,0.0,0.0,0.0,0.0,0.0,0.0,0.0,0.0,0.0,0.0,0.0,0.0
1487.944,0.8716498017311096,-1.1929429213153284,0.560431957244873,0.9557715654373169,0.645121693611145,-1.3348377386676233,0.0,-0.00020453077740967274,-0.0,0.0068549769930541515,0.0,0.0006471481756307185,-0.13422801825500608,-0.6659660825840114,0.5744502264901787,1.294277603370111,-1.6534868546510821,1.5809236366592592,0.0006833484869326334,0.000820557489224537,-0.0007223119150911585,0.005254939503487027,-0.004887439854363972,-0.00015492659634933813,0.8716134398339156,-1.1929762783948998,0.560346278627825,0.9557856577835014,0.6451066257675699,-1.3347527947105675,0.0,0.0,0.0,0.0,0.0,0.0,0.0,0.0,0.0,0.0,0.0,0.0
1487.952,0.8716853857040405,-1.192906681691305,0.560431957244873,0.955783486366272,0.6451097130775452,-1.3348138968097132,0.0,-0.00020453077740967274,-0.0,0.006471481639891863,0.0,0.0005992112564854324,-0.13421146055558675,-0.6659823934482972,0.5744279608908852,1.2943078641471055,-1.6535441777446511,1.5809733820457792,0.0006486698866248323,0.0007789453270387448,-0.0006750174807063678,0.004949494997027187,-0.004595326441682548,-0.00014401015706908224,0.8716134398339156,-1.1929762783948998,0.560346278627825,0.9557856577835014,0.6451066257675699,-1.3347527947105675,0.0,0.0,0.0,0.0,0.0,0.0,0.0,0.0,0.0,0.0,0.0,0.0
1487.96,0.8716853857040405,-1.1929548422442835,0.560431957244873,0.955795407295227,0.6450977325439453,-1.3348258177386683,0.0,-0.00020453077740967274,-0.0,0.003595267655327916,0.0,0.0005512743955478072,-0.13419234304976468,-0.665962591923033,0.574456021382356,1.294323684654269,-1.6534867537529563,1.5809738070905672,0.000388643537679307,0.00046648695913537735,-0.0003208207263177935,0.002733734488950568,-0.002701870752911159,-0.00012253754236327501,0.8716134398339156,-1.1929762783948998,0.560346278627825,0.9557856577835014,0.6451066257675699,-1.3347527947105675,0.0,0.0,0.0,0.0,0.0,0.0,0.0,0.0,0.0,0.0,0.0,0.0
1487.9679999999998,0.871661365032196,-1.1929429213153284,0.560431957244873,0.955783486366272,0.6451097130775452,-1.3348496595965784,0.0,-0.00020453077740967274,-0.0,0.0024687503464519978,0.0,0.0005273059359751642,-0.13421618312468356,-0.6659657145494111,0.574449569877815,1.2943056514499507,-1.6534801322464516,1.5809352452727747,0.0002868156693723252,0.00034410966790231684,-0.00018208866036910424,0.0018645664198624044,-0.001955379508457473,-0.00011312565196609869,0.8716134398339156,-1.1929762783948998,0.560346278627825,0.9557856577835014,0.6451066257675699,-1.3347527947105675,0.0,0.0,0.0,0.0,0.0,0.0,0.0,0.0,0.0,0.0,0.0,0.0
1487.9759999999999,0.8716498017311096,-1.1929190794574183,0.5604557991027832,0.9558075666427612,0.6450737714767456,-1.3348138968097132,0.0,-0.00020453077740967274,-0.0,0.0018935076659545302,0.0,0.0004793690168298781,-0.13422133873784042,-0.6659701528001724,0.5744243437462795,1.294297649566618,-1.6535838013987774,1.5809881055274118,0.00023482001569110958,0.0002816257936995788,-0.00011120964420112639,0.001412016049520022,-0.0015402615173454955,-0.00010140005128294673,0.8716134398339156,-1.1929762783948998,0.560346278627825,0.9557856577835014,0.6451066257675699,-1.3347527947105675,0.0,0.0,0.0,0.0,0.0,0.0,0.0,0.0,0.0,0.0,0.0,0.0
1487.984,0.8716378211975098,-1.192906681691305,0.560420036315918,0.9558075666427612,0.6450857520103455,-1.3348258177386683,0.0,-0.00020453077740967274,-0.0,0.0015339808305725455,0.0,0.00045540055725723505,-0.13423415513428572,-0.6659713280253361,0.5744318585611888,1.2942841736122563,-1.6535561929580094,1.5809613524855344,0.00020231776931277986,0.00024256675933506135,-6.694531376850664e-05,0.0011306202897960564,-0.0012865125078016446,-9.522053122903529e-05,0.8716134398339156,-1.1929762783948998,0.560346278627825,0.9557856577835014,0.6451066257675699,-1.3347527947105675,0.0,0.0,0.0,0.0,0.0,0.0,0.0,0.0,0.0,0.0,0.0,0.0
1487.992,0.8716733455657959,-1.1928589979754847,0.5604557991027832,0.9558075666427612,0.6450977325439453,-1.3348014990436,0.0,-0.00020453077740967274,-0.0,0.001294296351261437,0.0,0.00043143212678842247,-0.1342304631612925,-0.6659968686344109,0.5743868939622474,1.294297061858406,-1.65366482580285,1.580993032938837,0.00018064399803184984,0.00021654086762747427,-3.741124991535323e-05,0.00094111894020179,-0.001109707129083412,-8.957379608355783e-05,0.8716134398339156,-1.1929762783948998,0.560346278627825,0.9557856577835014,0.6451066257675699,-1.3347527947105675,0.0,0.0,0.0,0.0,0.0,0.0,0.0,0.0,0.0,0.0,0.0,0.0
1488.0,0.8716733455657959,-1.1928709189044397,0.5604557991027832,0.955783486366272,0.6450977325439453,-1.3348377386676233,0.0,-0.00020453077740967274,-0.0,0.0011025487910956144,0.0,0.0004074636672157794,-0.1342289318713434,-0.6659950590943959,0.5743969677186453,1.2943197885187459,-1.6535909769273178,1.5809687327600284,0.00016330604478594502,0.0001957074386799855,-1.3806275497588628e-05,0.0007883030650816966,-0.0009637484289666961,-8.409829099400993e-05,0.8716134398339156,-1.1929762783948998,0.560346278627825,0.9557856577835014,0.6451066257675699,-1.3347527947105675,0.0,0.0,0.0,0.0,0.0,0.0,0.0,0.0,0.0,0.0,0.0,0.0
1488.008,0.871661365032196,-1.1928470770465296,0.5604796409606934,0.955783486366272,0.6450737714767456,-1.3348258177386683,0.0,-0.00020453077740967274,-0.0,0.0009587380336597562,0.0,0.0003834952076431364,-0.13423959791997292,-0.6660026805940018,0.5743738946667901,1.294317690989243,-1.65365091307032,1.5809945938181007,0.00015030609576757096,0.00018008214468339886,3.915713089528919e-06,0.0006722230041092998,-0.0008485899620805071,-7.884212678309219e-05,0.8716134398339156,-1.1929762783948998,0.560346278627825,0.9557856577835014,0.6451066257675699,-1.3347527947105675,0.0,0.0,0.0,0.0,0.0,0.0,0.0,0.0,0.0,0.0,0.0,0.0
1488.0159999999998,0.8716733455657959,-1.1928828398333948,0.560431957244873,0.9557715654373169,0.6450857520103455,-1.3348138968097132,0.0,-0.00020453077740967274,-0.0,0.0008628642535768449,0.0,0.00035952674807049334,-0.13422186074312867,-0.6659896736248895,0.5744168355737318,1.2943130378156094,-1.6535523326315977,1.5809890763276464,0.00014163546828600376,0.00016966783834921565,1.5703310583388457e-05,0.0005928759364707387,-0.0007642258022732884,-7.376148412280037e-05,0.8716134398339156,-1.1929762783948998,0.560346278627825,0.9557856577835014,0.6451066257675699,-1.3347527947105675,0.0,0.0,0.0,0.0,0.0,0.0,0.0,0.0,0.0,0.0,0.0,0.0
1488.024,0.8716853857040405,-1.192895237599508,0.5604557991027832,0.955795407295227,0.6451097130775452,-1.3348377386676233,0.0,-0.00020453077740967274,-0.0,0.0007669904152862728,0.0,0.00035952674807049334,-0.13421532689058063,-0.6659869769361024,0.5744091891928605,1.2943232635234965,-1.6535771167401252,1.5809637640499734,0.00013296811216609625,0.000159256935671355,2.7509349813761766e-05,0.0005194118059930247,-0.0007026207814747531,-7.336597214882865e-05,0.8716134398339156,-1.1929762783948998,0.560346278627825,0.9557856577835014,0.6451066257675699,-1.3347527947105675,0.0,0.0,0.0,0.0,0.0,0.0,0.0,0.0,0.0,0.0,0.0,0.0
1488.032,0.8716973662376404,-1.192906681691305,0.5604438781738281,0.955795407295227,0.6450857520103455,-1.3348138968097132,0.0,-0.00020453077740967274,-0.0,0.0007190534961409867,0.0,0.00033555831760168076,-0.13419698278754721,-0.6659822705878998,0.5744228764916128,1.2943375305096343,-1.653556507755226,1.5810040135728078,0.00012863218014212452,0.00015405043470772455,3.341135174058953e-05,0.000476810801440535,-0.0006490518455707129,-6.850029577474164e-05,0.8716134398339156,-1.1929762783948998,0.560346278627825,0.9557856577835014,0.6451066257675699,-1.3347527947105675,0.0,0.0,0.0,0.0,0.0,0.0,0.0,0.0,0.0,0.0,0.0,0.0
1488.04,0.871661365032196,-1.192906681691305,0.5604438781738281,0.9557715654373169,0.6451097130775452,-1.3348377386676233,0.0,-0.00020453077740967274,-0.0,0.0006471481756307185,0.0,0.00033555831760168076,-0.13422922757385924,-0.6659812792631294,0.5744241891595253,1.2942984605446073,-1.6535324118043035,1.5809455623220083,0.00012213664751809742,0.00014623426845906663,4.2262401642192855e-05,0.0004216799787059041,-0.0006028722044059129,-6.819406841560614e-05,0.8716134398339156,-1.1929762783948998,0.560346278627825,0.9557856577835014,0.6451066257675699,-1.3347527947105675,0.0,0.0,0.0,0.0,0.0,0.0,0.0,0.0,0.0,0.0,0.0,0.0
1488.048,0.871661365032196,-1.1929310003863733,0.560431957244873,0.9558194875717163,0.6451097130775452,-1.3348258177386683,0.0,-0.0001917476038215682,-0.0,0.0005992112564854324,0.0,0.0003115898580290377,-0.13421663728809483,-0.6659662297813596,0.5744380280698372,1.2942908212130813,-1.6535566042867242,1.5809533813671561,0.00011382823367246249,0.0001362836521942951,4.05406577484873e-05,0.0003888506494094091,-0.0005575342224834303,-6.33203983334518e-05,0.8716134398339156,-1.1929762783948998,0.560346278627825,0.9557856577835014,0.6451066257675699,-1.3347527947105675,0.0,0.0,0.0,0.0,0.0,0.0,0.0,0.0,0.0,0.0,0.0,0.0
1488.056,0.8716498017311096,-1.1929310003863733,0.560420036315918,0.955795407295227,0.6450857520103455,-1.3348496595965784,0.0,-0.0001917476038215682,-0.0,0.0005512743955478072,0.0,0.00028762139845639467,-0.13421970963757465,-0.6659652281539186,0.5744478565932334,1.294311224672058,-1.6534881411444893,1.5809511326527004,0.00010949501404348773,0.00013107384740665727,4.644350552369522e-05,0.00034623614646001207,-0.000503974400632076,-5.845403722213803e-05,0.8716134398339156,-1.1929762783948998,0.560346278627825,0.9557856577835014,0.6451066257675699,-1.3347527947105675,0.0,0.0,0.0,0.0,0.0,0.0,0.0,0.0,0.0,0.0,0.0,0.0
1488.0639999999999,0.871661365032196,-1.1929190794574183,0.5604796409606934,0.9558075666427612,0.6450857520103455,-1.3348138968097132,0.0,-0.00017896443023346364,-0.0,0.0005273059359751642,0.0,0.00028762139845639467,-0.13421807836360436,-0.6659739596503604,0.5744130525135146,1.294300965021441,-1.6536117555853387,1.5809862114457114,0.00010334905146727494,0.0001237247480769199,4.1780934476377806e-05,0.00033766304234978685,-0.000496793435549008,-5.834928065627509e-05,0.8716134398339156,-1.1929762783948998,0.560346278627825,0.9557856577835014,0.6451066257675699,-1.3347527947105675,0.0,0.0,0.0,0.0,0.0,0.0,0.0,0.0,0.0,0.0,0.0,0.0
1488.072,0.8716498017311096,-1.1929429213153284,0.560431957244873,0.9557715654373169,0.6451097130775452,-1.3348014990436,0.0,-0.00017896443023346364,-0.0,0.0004793690168298781,0.0,0.00028762139845639467,-0.13422496156978828,-0.6659654574283085,0.574451038037208,1.2942633271922543,-1.6535141333244565,1.5809554922556912,9.901727096701207e-05,0.00011851698634731444,4.767316076982344e-05,0.00030091461078812456,-0.00046600322003564855,-5.8130963241101106e-05,0.8716134398339156,-1.1929762783948998,0.560346278627825,0.9557856577835014,0.6451066257675699,-1.3347527947105675,0.0,0.0,0.0,0.0,0.0,0.0,0.0,0.0,0.0,0.0,0.0,0.0
1488.08,0.8716378211975098,-1.1929429213153284,0.560431957244873,0.9557596445083618,0.6450977325439453,-1.3348258177386683,0.0,-0.0001661812566453591,-0.0,0.00045540055725723505,0.0,0.0002636529679875821,-0.13423096118852298,-0.6659645190098502,0.5744533177420693,1.294275086983778,-1.653478270606283,1.5809440945383246,9.28741510130395e-05,0.00011116567053557425,4.300304214934852e-05,0.0002864491572718356,-0.00043606851583852837,-5.3354489592443726e-05,0.8716134398339156,-1.1929762783948998,0.560346278627825,0.9557856577835014,0.6451066257675699,-1.3347527947105675,0.0,0.0,0.0,0.0,0.0,0.0,0.0,0.0,0.0,0.0,0.0,0.0
1488.088,0.8716973662376404,-1.192906681691305,0.5604796409606934,0.9558194875717163,0.645121693611145,-1.3348138968097132,0.0,-0.0001661812566453591,-0.0,0.00043143212678842247,0.0,0.0002636529679875821,-0.13420605115813114,-0.6659839747577975,0.5744017564142428,1.2943119196950614,-1.6536408183071416,1.5809770376120131,9.070072910111071e-05,0.0001085674261820683,4.596464442782073e-05,0.0002681070654687099,-0.0004206477576509849,-5.327641146257625e-05,0.8716134398339156,-1.1929762783948998,0.560346278627825,0.9557856577835014,0.6451066257675699,-1.3347527947105675,0.0,0.0,0.0,0.0,0.0,0.0,0.0,0.0,0.0,0.0,0.0,0.0
1488.096,0.8716733455657959,-1.1928828398333948,0.5604438781738281,0.955783486366272,0.6450737714767456,-1.3348138968097132,0.0,-0.00015339808305725455,-0.0,0.0004074636672157794,0.0,0.00023968450841493905,-0.13421841835134823,-0.665988568167714,0.5744109395716357,1.2943218210539271,-1.6535746032502259,1.5810019677096945,8.45581300483444e-05,0.00010121378646260051,4.129547650536547e-05,0.00025364279739388356,-0.000390716408002952,-4.849119985120452e-05,0.8716134398339156,-1.1929762783948998,0.560346278627825,0.9557856577835014,0.6451066257675699,-1.3347527947105675,0.0,0.0,0.0,0.0,0.0,0.0,0.0,0.0,0.0,0.0,0.0,0.0
1488.104,0.8716853857040405,-1.192895237599508,0.5604677200317383,0.955783486366272,0.6450737714767456,-1.3348258177386683,0.0,-0.00015339808305725455,-0.0,0.0003834952076431364,0.0,0.00023968450841493905,-0.13420792668415907,-0.6659872108976324,0.5744078527497314,1.29434170960539,-1.6535722985392591,1.581003038825331,8.239010899124276e-05,9.86110834125306e-05,4.424697459636399e-05,0.00023528115944886795,-0.00037531352990680296,-4.8391536983775396e-05,0.8716134398339156,-1.1929762783948998,0.560346278627825,0.9557856577835014,0.6451066257675699,-1.3347527947105675,0.0,0.0,0.0,0.0,0.0,0.0,0.0,0.0,0.0,0.0,0.0,0.0
1488.1119999999999,0.8716733455657959,-1.1928709189044397,0.5604557991027832,0.9558314085006714,0.6450977325439453,-1.3348377386676233,0.0,-0.00014061490946915,-0.0,0.00035952674807049334,0.0,0.00023968450841493905,-0.1342245992192174,-0.6659898529343524,0.5743910666867377,1.2943199867324087,-1.6536461388923798,1.5809729394953407,7.62482300574583e-05,9.126119807252995e-05,3.957846725841839e-05,0.00022669090338409248,-0.00036814212616180893,-4.828276824482195e-05,0.8716134398339156,-1.1929762783948998,0.560346278627825,0.9557856577835014,0.6451066257675699,-1.3347527947105675,0.0,0.0,0.0,0.0,0.0,0.0,0.0,0.0,0.0,0.0,0.0,0.0
1488.12,0.8716853857040405,-1.1929429213153284,0.5604438781738281,0.9557596445083618,0.645037829875946,-1.3348377386676233,0.0,-0.00014061490946915,-0.0,0.00035952674807049334,0.0,0.00021571606339421123,-0.13418469375944347,-0.6659685909097393,0.5744521358449592,1.2943745269508367,-1.6534365271532367,1.5810197569800977,7.624728839678641e-05,9.126226989718118e-05,3.956960055172423e-05,0.0002208208550506428,-0.0003453782038301921,-4.3602925898780566e-05,0.8716134398339156,-1.1929762783948998,0.560346278627825,0.9557856577835014,0.6451066257675699,-1.3347527947105675,0.0,0.0,0.0,0.0,0.0,0.0,0.0,0.0,0.0,0.0,0.0,0.0
1488.128,0.8716733455657959,-1.1928589979754847,0.560431957244873,0.955783486366272,0.6450977325439453,-1.3348258177386683,0.0,-0.00014061490946915,-0.0,0.00033555831760168076,0.0,0.00021571606339421123,-0.1342312566539421,-0.6659978552954687,0.574400338833031,1.294312186783891,-1.6535879270779748,1.5809746226241,7.408043253629288e-05,8.865637592230617e-05,4.252843434344224e-05,0.00020244066333499492,-0.0003299805512090286,-4.351667922563202e-05,0.8716134398339156,-1.1929762783948998,0.560346278627825,0.9557856577835014,0.6451066257675699,-1.3347527947105675,0.0,0.0,0.0,0.0,0.0,0.0,0.0,0.0,0.0,0.0,0.0,0.0
1488.136,0.8716853857040405,-1.1929429213153284,0.560420036315918,0.9558075666427612,0.6450617909431458,-1.3348138968097132,0.0,-0.00012783173588104546,-0.0,0.0003115898580290377,0.0,0.00021571606339421123,-0.134185090645654,-0.6659630060626124,0.5744550904728352,1.2943421733261438,-1.653495933076762,1.581014148937085,6.793810706745473e-05,8.13102944138794e-05,3.784966417097019e-05,0.0001938677377514465,-0.0003228059719946976,-4.338751891060309e-05,0.8716134398339156,-1.1929762783948998,0.560346278627825,0.9557856577835014,0.6451066257675699,-1.3347527947105675,0.0,0.0,0.0,0.0,0.0,0.0,0.0,0.0,0.0,0.0,0.0,0.0
1488.144,0.871661365032196,-1.1929190794574183,0.5604677200317383,0.9558314085006714,0.6450977325439453,-1.3348138968097132,0.0,-0.00012783173588104546,-0.0,0.0003115898580290377,0.0,0.00021571606339421123,-0.1342182875379087,-0.6659711800276328,0.5744145445353025,1.2942923295647404,-1.6536306504639027,1.5809764595870195,6.793956470485669e-05,8.13080908941456e-05,3.785411025725895e-05,0.00019385523155197296,-0.00032280900855697313,-4.3401171387359023e-05,0.8716134398339156,-1.1929762783948998,0.560346278627825,0.9557856577835014,0.6451066257675699,-1.3347527947105675,0.0,0.0,0.0,0.0,0.0,0.0,0.0,0.0,0.0,0.0,0.0,0.0
1488.152,0.871661365032196,-1.192895237599508,0.5604438781738281,0.9557355642318726,0.6450617909431458,-1.3348138968097132,0.0,-0.00012783173588104546,-0.0,0.00028762139845639467,0.0,0.0001917476038215682,-0.13422381600306188,-0.6659869377069494,0.5744250452593758,1.294317936660329,-1.6535048263193632,1.5810004117705114,6.57707803766745e-05,7.87021527113605e-05,4.08057867235352e-05,0.0001696114367398273,-0.00028464643331158475,-3.863071281379474e-05,0.8716134398339156,-1.1929762783948998,0.560346278627825,0.9557856577835014,0.6451066257675699,-1.3347527947105675,0.0,0.0,0.0,0.0,0.0,0.0,0.0,0.0,0.0,0.0,0.0,0.0
1488.1599999999999,0.8716378211975098,-1.1929190794574183,0.560431957244873,0.9558194875717163,0.6450737714767456,-1.3348138968097132,0.0,-0.00011504856229294091,-0.0,0.00028762139845639467,0.0,0.0001917476038215682,-0.13422685560684766,-0.6659656199939081,0.5744333551245958,1.2942853052679837,-1.6535748932813235,1.5809800328011328,6.179745532162027e-05,7.395697310243855e-05,3.318198943282568e-05,0.00017938772187125172,-0.0002928763582038457,-3.861935996304248e-05,0.8716134398339156,-1.1929762783948998,0.560346278627825,0.9557856577835014,0.6451066257675699,-1.3347527947105675,0.0,0.0,0.0,0.0,0.0,0.0,0.0,0.0,0.0,0.0,0.0,0.0
1488.168,0.8716498017311096,-1.192895237599508,0.560431957244873,0.9558194875717163,0.6450737714767456,-1.3348014990436,0.0,-0.00011504856229294091,-0.0,0.0002636529679875821,0.0,0.0001917476038215682,-0.13422629447392112,-0.6659760796208336,0.5744191387783029,1.2942898996909364,-1.6536085927613695,1.5809964223948831,5.9629097999440405e-05,7.135339313646923e-05,3.613571512411809e-05,0.00016102572941292033,-0.0002774734444878277,-3.8520722206464056e-05,0.8716134398339156,-1.1929762783948998,0.560346278627825,0.9557856577835014,0.6451066257675699,-1.3347527947105675,0.0,0.0,0.0,0.0,0.0,0.0,0.0,0.0,0.0,0.0,0.0,0.0
1488.176,0.8716853857040405,-1.1928828398333948,0.5604557991027832,0.9557715654373169,0.6451097130775452,-1.3348377386676233,0.0,-0.00011504856229294091,-0.0,0.0002636529679875821,0.0,0.0001917476038215682,-0.13422133912263046,-0.6659941697806707,0.5744047324402421,1.2943232734362211,-1.6535639133620774,1.5809628179861006,5.962565225796809e-05,7.135446474999701e-05,3.6135907656222824e-05,0.00016102884792983807,-0.000277469344773113,-3.852116797629743e-05,0.8716134398339156,-1.1929762783948998,0.560346278627825,0.9557856577835014,0.6451066257675699,-1.3347527947105675,0.0,0.0,0.0,0.0,0.0,0.0,0.0,0.0,0.0,0.0,0.0,0.0
1488.184,0.871661365032196,-1.1929190794574183,0.5604438781738281,0.955783486366272,0.6450857520103455,-1.3348377386676233,0.0,-0.00011504856229294091,-0.0,0.0002636529679875821,0.0,0.0001917476038215682,-0.1342181795254107,-0.6659741309978471,0.5744317370639036,1.2943157055471695,-1.65352157796039,1.580967002212686,5.962833968132506e-05,7.135417021003237e-05,3.6132946465708086e-05,0.00016102561480313345,-0.0002774734087928719,-3.851607284726387e-05,0.8716134398339156,-1.1929762783948998,0.560346278627825,0.9557856577835014,0.6451066257675699,-1.3347527947105675,0.0,0.0,0.0,0.0,0.0,0.0,0.0,0.0,0.0,0.0,0.0,0.0
1488.192,0.871661365032196,-1.192895237599508,0.5604796409606934,0.955783486366272,0.6450617909431458,-1.3348496595965784,0.0,-0.00010226538870483637,-0.0,0.00023968450841493905,0.0,0.00016777915880084038,-0.13422155937118216,-0.6659841763871273,0.5744034248162879,1.2943410067150416,-1.653569096056483,1.580987037475522,5.348350900235105e-05,6.400334423162816e-05,3.146645196488756e-05,0.00014656682825384102,-0.00024753354729287696,-3.3746348131495045e-05,0.8716134398339156,-1.1929762783948998,0.560346278627825,0.9557856577835014,0.6451066257675699,-1.3347527947105675,0.0,0.0,0.0,0.0,0.0,0.0,0.0,0.0,0.0,0.0,0.0,0.0
1488.2,0.871661365032196,-1.1928828398333948,0.5604557991027832,0.955795407295227,0.6450977325439453,-1.3348377386676233,0.0,-0.00010226538870483637,-0.0,0.00023968450841493905,0.0,0.00016777915880084038,-0.1342321245752716,-0.6659877303029815,0.5744026082422773,1.294307502770963,-1.6535957890865705,1.580961706211432,5.348383723235359e-05,6.400374893086896e-05,3.146568498835681e-05,0.00014656111871624194,-0.0002475347034251816,-3.3747910019622294e-05,0.8716134398339156,-1.1929762783948998,0.560346278627825,0.9557856577835014,0.6451066257675699,-1.3347527947105675,0.0,0.0,0.0,0.0,0.0,0.0,0.0,0.0,0.0,0.0,0.0,0.0
1488.2079999999999,0.871661365032196,-1.192895237599508,0.5604557991027832,0.955795407295227,0.6450857520103455,-1.3348258177386683,0.0,-0.00010226538870483637,-0.0,0.00023968450841493905,0.0,0.00016777915880084038,-0.1342252110784361,-0.6659825024284374,0.574410812775621,1.294308503328193,-1.6535870614307184,1.5809782653584161,5.348401847728923e-05,6.400395755190405e-05,3.146498635016111e-05,0.00014656275139554435,-0.0002475346371201827,-3.374622442950966e-05,0.8716134398339156,-1.1929762783948998,0.560346278627825,0.9557856577835014,0.6451066257675699,-1.3347527947105675,0.0,0.0,0.0,0.0,0.0,0.0,0.0,0.0,0.0,0.0,0.0,0.0
1488.216,0.8716498017311096,-1.1929310003863733,0.5604438781738281,0.955795407295227,0.6450737714767456,-1.3348377386676233,0.0,-0.00010226538870483637,-0.0,0.00021571606339421123,0.0,0.00016777915880084038,-0.13421803721096007,-0.6659662329164996,0.5744381888814551,1.2943124983899523,-1.6535210659080886,1.5809709882653313,5.131866332474538e-05,6.140063940647962e-05,3.44134177465119e-05,0.00012819464153823675,-0.00023213711092984353,-3.363994701189089e-05,0.8716134398339156,-1.1929762783948998,0.560346278627825,0.9557856577835014,0.6451066257675699,-1.3347527947105675,0.0,0.0,0.0,0.0,0.0,0.0,0.0,0.0,0.0,0.0,0.0,0.0
1488.224,0.8716853857040405,-1.1929190794574183,0.560431957244873,0.9557715654373169,0.6451097130775452,-1.3348377386676233,0.0,-0.00010226538870483637,-0.0,0.00021571606339421123,0.0,0.00016777915880084038,-0.1342086812445929,-0.6659790854162737,0.5744368216298621,1.2943227899960519,-1.6534948753690737,1.5809573167317932,5.131631329365157e-05,6.140228832658386e-05,3.441268599708034e-05,0.00012819670961325714,-0.00023213430158075597,-3.363918066923275e-05,0.8716134398339156,-1.1929762783948998,0.560346278627825,0.9557856577835014,0.6451066257675699,-1.3347527947105675,0.0,0.0,0.0,0.0,0.0,0.0,0.0,0.0,0.0,0.0,0.0,0.0
1488.232,0.8716853857040405,-1.1929190794574183,0.560420036315918,0.9557355642318726,0.6450857520103455,-1.3348615805255335,0.0,-8.948221511673182e-05,-0.0,0.00021571606339421123,0.0,0.00016777915880084038,-0.13420513031459325,-0.665980930424408,0.5744481183351261,1.29435494562963,-1.6534080735032095,1.580960747800663,4.7338994529928185e-05,5.6655669383740385e-05,2.678978484136265e-05,0.0001379840438945421,-0.00024036106153689862,-3.3616374642466374e-05,0.8716134398339156,-1.1929762783948998,0.560346278627825,0.9557856577835014,0.6451066257675699,-1.3347527947105675,0.0,0.0,0.0,0.0,0.0,0.0,0.0,0.0,0.0,0.0,0.0,0.0
1488.24,0.871661365032196,-1.192906681691305,0.560431957244873,0.955783486366272,0.6450977325439453,-1.3348014990436,0.0,-8.948221511673182e-05,-0.0,0.00021571606339421123,0.0,0.00014381069922819734,-0.13422440121802207,-0.6659785442088899,0.5744287725631461,1.2942841511030587,-1.6535597066934753,1.5809773897340722,4.734059141223487e-05,5.6654810909279724e-05,2.679170599013673e-05,0.0001320962383172021,-0.0002175986176396156,-2.8967749085458382e-05,0.8716134398339156,-1.1929762783948998,0.560346278627825,0.9557856577835014,0.6451066257675699,-1.3347527947105675,0.0,0.0,0.0,0.0,0.0,0.0,0.0,0.0,0.0,0.0,0.0,0.0
1488.2479999999998,0.871661365032196,-1.192895237599508,0.560431957244873,0.955783486366272,0.6450857520103455,-1.3348014990436,0.0,0.0,-0.0,0.0001917476038215682,0.0,0.00014381069922819734,-0.13422490493445655,-0.6659821677664379,0.5744227602760895,1.2942929038206095,-1.6535676940669863,1.58098921868862,1.7335001784290247e-05,2.0829424995497274e-05,-2.3612886974485646e-05,0.0001822219312826034,-0.0002597842097367707,-2.874653137059406e-05,0.8716134398339156,-1.1929762783948998,0.560346278627825,0.9557856577835014,0.6451066257675699,-1.3347527947105675,0.0,0.0,0.0,0.0,0.0,0.0,0.0,0.0,0.0,0.0,0.0,0.0
1488.2559999999999,0.8716733455657959,-1.1928828398333948,0.5604438781738281,0.955795407295227,0.6450857520103455,-1.3348496595965784,0.0,0.0,-0.0,0.0001917476038215682,0.0,0.00014381069922819734,-0.13422039722115425,-0.6659878984431786,0.5744086598372106,1.2943358459431844,-1.6535614717036475,1.5809714370399122,1.7335303429653307e-05,2.0830287215134412e-05,-2.3611904906448362e-05,0.0001822257011183704,-0.00025978123737803243,-2.8749495526314262e-05,0.8716134398339156,-1.1929762783948998,0.560346278627825,0.9557856577835014,0.6451066257675699,-1.3347527947105675,0.0,0.0,0.0,0.0,0.0,0.0,0.0,0.0,0.0,0.0,0.0,0.0
1488.264,0.8716733455657959,-1.192895237599508,0.5604438781738281,0.955783486366272,0.6450857520103455,-1.3348496595965784,0.0,0.0,-0.0,0.0001917476038215682,0.0,0.00014381069922819734,-0.13421761805711022,-0.6659845906662023,0.5744175205125083,1.2943356875028915,-1.6535335096455932,1.5809692431226963,1.7334933490324753e-05,2.0829848040782064e-05,-2.3612563928092283e-05,0.00018222526030390695,-0.00025978176666177443,-2.8747506883582075e-05,0.8716134398339156,-1.1929762783948998,0.560346278627825,0.9557856577835014,0.6451066257675699,-1.3347527947105675,0.0,0.0,0.0,0.0,0.0,0.0,0.0,0.0,0.0,0.0,0.0,0.0
1488.272,0.8716853857040405,-1.1929190794574183,0.5604076385498047,0.955795407295227,0.6450617909431458,-1.3348014990436,0.0,0.0,-0.0,0.0001917476038215682,0.0,0.00014381069922819734,-0.1341928875817378,-0.6659723314750333,0.5744478210069726,1.294334403403652,-1.653506164551002,1.5810213831251947,1.733375298728231e-05,2.082894191972051e-05,-2.361293211442105e-05,0.00018223075468740303,-0.00025977997280309976,-2.8742706581749663e-05,0.8716134398339156,-1.1929762783948998,0.560346278627825,0.9557856577835014,0.6451066257675699,-1.3347527947105675,0.0,0.0,0.0,0.0,0.0,0.0,0.0,0.0,0.0,0.0,0.0,0.0
1488.28,0.8716853857040405,-1.1928828398333948,0.560431957244873,0.955783486366272,0.6450857520103455,-1.3348258177386683,0.0,0.0,-0.0,0.00016777915880084038,0.0,0.00014381069922819734,-0.1342127644354505,-0.6659899946299777,0.5744153675738043,1.2943329207605718,-1.653550577371888,1.580990192335845,1.5167853792393905e-05,1.8226308124297444e-05,-2.0660982803601172e-05,0.00016386174167036128,-0.00024438014819166954,-2.8646313257987065e-05,0.8716134398339156,-1.1929762783948998,0.560346278627825,0.9557856577835014,0.6451066257675699,-1.3347527947105675,0.0,0.0,0.0,0.0,0.0,0.0,0.0,0.0,0.0,0.0,0.0,0.0
1488.288,0.8716853857040405,-1.1929190794574183,0.560431957244873,0.955795407295227,0.6450737714767456,-1.3348014990436,0.0,0.0,-0.0,0.00016777915880084038,0.0,0.00014381069922819734,-0.1341973560390069,-0.6659746195374565,0.5744363204471225,1.2943259177738529,-1.6535392834447014,1.5810128051598944,1.516744494498296e-05,1.822581572220606e-05,-2.0661149548270632e-05,0.000163862902563635,-0.0002443803638521594,-2.8643899650508692e-05,0.8716134398339156,-1.1929762783948998,0.560346278627825,0.9557856577835014,0.6451066257675699,-1.3347527947105675,0.0,0.0,0.0,0.0,0.0,0.0,0.0,0.0,0.0,0.0,0.0,0.0
1488.2959999999998,0.8716257810592651,-1.192895237599508,0.5604438781738281,0.9558075666427612,0.6450977325439453,-1.3348014990436,0.0,0.0,-0.0,0.00016777915880084038,0.0,0.00014381069922819734,-0.1342501746413023,-0.6659762152114517,0.5744137434166005,1.2942481057942514,-1.6536284811148565,1.5809609338627593,1.5169342791500707e-05,1.8225882353845607e-05,-2.0660832997380517e-05,0.0001638459432817855,-0.0002443897514146755,-2.864868515588901e-05,0.8716134398339156,-1.1929762783948998,0.560346278627825,0.9557856577835014,0.6451066257675699,-1.3347527947105675,0.0,0.0,0.0,0.0,0.0,0.0,0.0,0.0,0.0,0.0,0.0,0.0
1488.3039999999999,0.8716853857040405,-1.1928828398333948,0.5604677200317383,0.9557596445083618,0.6450857520103455,-1.3348138968097132,0.0,0.0,-0.0,0.00016777915880084038,0.0,0.00011984225420746952,-0.13421699545897278,-0.6659950290066867,0.5744025841045103,1.294325525055089,-1.6535749232676973,1.5809982578130182,1.5168011253291879e-05,1.822649751378081e-05,-2.0660700131412388e-05,0.00015797942927469225,-0.00022161588124562323,-2.399083939278325e-05,0.8716134398339156,-1.1929762783948998,0.560346278627825,0.9557856577835014,0.6451066257675699,-1.3347527947105675,0.0,0.0,0.0,0.0,0.0,0.0,0.0,0.0,0.0,0.0,0.0,0.0
1488.312,0.8716733455657959,-1.1929190794574183,0.5604438781738281,0.9558194875717163,0.6450498104095459,-1.3348014990436,0.0,0.0,-0.0,0.00016777915880084038,0.0,0.00011984225420746952,-0.13419777635234476,-0.6659699521418015,0.5744297390467072,1.2943311121841292,-1.6535751995115926,1.5810305294670934,1.5167970355284465e-05,1.8225988168399066e-05,-2.0659476128394273e-05,0.0001579807799410533,-0.00022161699628596508,-2.3989754908156213e-05,0.8716134398339156,-1.1929762783948998,0.560346278627825,0.9557856577835014,0.6451066257675699,-1.3347527947105675,0.0,0.0,0.0,0.0,0.0,0.0,0.0,0.0,0.0,0.0,0.0,0.0
1488.32,0.871661365032196,-1.192906681691305,0.5604438781738281,0.955795407295227,0.6450857520103455,-1.3347657362567347,0.0,0.0,-0.0,0.00016777915880084038,0.0,0.00011984225420746952,-0.13422095886514454,-0.6659774389031379,0.5744228764916128,1.2942703059286575,-1.653613987974258,1.5810110879328152,1.5168292936888057e-05,1.8225942661865957e-05,-2.0660982803032515e-05,0.00015797388690425582,-0.00022161991893734163,-2.3990036589582244e-05,0.8716134398339156,-1.1929762783948998,0.560346278627825,0.9557856577835014,0.6451066257675699,-1.3347527947105675,0.0,0.0,0.0,0.0,0.0,0.0,0.0,0.0,0.0,0.0,0.0,0.0
